site,date,requests
Portal,2023-06-05,281
KG,2023-06-05,94
Apps,2023-06-06,17
CDN,2023-06-06,4
Portal,2023-06-06,1496
KG,2023-06-06,254
Portal,2023-06-07,1890
CDN,2023-06-07,43
Apps,2023-06-07,43
KG,2023-06-07,235
CDN,2023-06-08,4
Apps,2023-06-08,5
Portal,2023-06-08,1367
KG,2023-06-08,345
Apps,2023-06-09,1
Portal,2023-06-09,736
CDN,2023-06-09,3
KG,2023-06-09,218
Apps,2023-06-10,1
Portal,2023-06-10,504
KG,2023-06-10,75
CDN,2023-06-10,1
CDN,2023-06-11,1
Apps,2023-06-11,1
Portal,2023-06-11,942
KG,2023-06-11,10191
CDN,2023-06-12,6
Apps,2023-06-12,20
Portal,2023-06-12,2495
KG,2023-06-12,2442
CDN,2023-06-13,4
Portal,2023-06-13,1683
Apps,2023-06-13,10
KG,2023-06-13,1100
KG,2023-06-14,878
Portal,2023-06-14,1216
Portal,2023-06-15,6711
KG,2023-06-15,812
Apps,2023-06-16,1
Portal,2023-06-16,2479
CDN,2023-06-16,3
KG,2023-06-16,289
KG,2023-06-17,54
Portal,2023-06-17,462
Portal,2023-06-18,231
KG,2023-06-18,51
Apps,2023-06-19,3
Portal,2023-06-19,913
CDN,2023-06-19,1
KG,2023-06-19,129
KG,2023-06-20,170
Portal,2023-06-20,2287
CDN,2023-06-20,6
KG,2023-06-21,431
Apps,2023-06-21,6
CDN,2023-06-21,2
Portal,2023-06-21,2882
Portal,2023-06-22,2430
CDN,2023-06-22,3
Apps,2023-06-22,12
KG,2023-06-22,364
Portal,2023-06-23,1276
Apps,2023-06-23,17
KG,2023-06-23,207
CDN,2023-06-23,1
Portal,2023-06-24,449
CDN,2023-06-24,1
Apps,2023-06-24,621
KG,2023-06-24,29
API,2023-06-24,8
Portal,2023-06-25,586
KG,2023-06-25,84
CDN,2023-06-25,1
Portal,2023-06-26,1157
KG,2023-06-26,1596
Apps,2023-06-27,10
Portal,2023-06-27,1172
KG,2023-06-27,522
KG,2023-06-28,417
Apps,2023-06-28,6
CDN,2023-06-28,1
Portal,2023-06-28,1484
Portal,2023-06-29,884
CDN,2023-06-29,13
Apps,2023-06-29,1
KG,2023-06-29,707
Portal,2023-06-30,805
KG,2023-06-30,335
Apps,2023-06-30,3
CDN,2023-06-30,4
CDN,2023-07-01,34
Portal,2023-07-01,375
KG,2023-07-01,34
KG,2023-07-02,75
Portal,2023-07-02,467
Apps,2023-07-03,16
Portal,2023-07-03,668
CDN,2023-07-03,3
KG,2023-07-03,193
KG,2023-07-04,126
Portal,2023-07-04,827
CDN,2023-07-04,1
CDN,2023-07-05,2
Portal,2023-07-05,1643
KG,2023-07-05,271
CDN,2023-07-06,19
KG,2023-07-06,345
Portal,2023-07-06,2210
CDN,2023-07-07,3
Portal,2023-07-07,1572
KG,2023-07-07,324
Apps,2023-07-07,2
Portal,2023-07-08,356
KG,2023-07-08,55
Portal,2023-07-09,449
KG,2023-07-09,98
Apps,2023-07-10,1
Portal,2023-07-10,1076
CDN,2023-07-10,16
KG,2023-07-10,182
KG,2023-07-11,413
Portal,2023-07-11,1886
CDN,2023-07-12,3
Apps,2023-07-12,2
Portal,2023-07-12,1925
KG,2023-07-12,410
KG,2023-07-13,130
Portal,2023-07-13,1442
Portal,2023-07-14,1407
CDN,2023-07-14,4
Apps,2023-07-14,1
KG,2023-07-14,151
CDN,2023-07-15,3
KG,2023-07-15,89
Apps,2023-07-15,1
Portal,2023-07-15,996
CDN,2023-07-16,16
Apps,2023-07-16,2
KG,2023-07-16,66
Portal,2023-07-16,713
KG,2023-07-17,250
CDN,2023-07-17,2
Apps,2023-07-17,33
Portal,2023-07-17,1479
Portal,2023-07-18,2782
KG,2023-07-18,252
Portal,2023-07-19,4623
KG,2023-07-19,362
CDN,2023-07-19,2
Portal,2023-07-20,7447
KG,2023-07-20,1022
Apps,2023-07-20,1
KG,2023-07-21,561
Portal,2023-07-21,5546
CDN,2023-07-21,3
Apps,2023-07-21,3
Apps,2023-07-22,8
Portal,2023-07-22,1629
KG,2023-07-22,189
Portal,2023-07-23,2170
KG,2023-07-23,134
Apps,2023-07-23,23
CDN,2023-07-24,1
KG,2023-07-24,743
Apps,2023-07-24,2
Portal,2023-07-24,5314
Portal,2023-07-25,4525
KG,2023-07-25,890
KG,2023-07-26,654
CDN,2023-07-26,2
Portal,2023-07-26,5121
CDN,2023-07-27,3
KG,2023-07-27,399
Portal,2023-07-27,3976
KG,2023-07-28,408
CDN,2023-07-28,5
Apps,2023-07-28,3
Portal,2023-07-28,1871
KG,2023-07-29,144
Portal,2023-07-29,953
KG,2023-07-30,170
Apps,2023-07-30,15
Portal,2023-07-30,1098
CDN,2023-07-30,1
Apps,2023-07-31,2
KG,2023-07-31,472
Portal,2023-07-31,3418
KG,2023-08-01,644
Portal,2023-08-01,3294
Apps,2023-08-02,5
Portal,2023-08-02,3529
KG,2023-08-02,397
CDN,2023-08-03,2
Apps,2023-08-03,9
KG,2023-08-03,447
Portal,2023-08-03,3326
CDN,2023-08-04,4
Portal,2023-08-04,2596
KG,2023-08-04,377
CDN,2023-08-05,4
KG,2023-08-05,196
Portal,2023-08-05,1534
KG,2023-08-06,120
CDN,2023-08-06,16
Portal,2023-08-06,850
KG,2023-08-07,325
CDN,2023-08-07,12
Portal,2023-08-07,3070
Apps,2023-08-07,3
Apps,2023-08-08,1
KG,2023-08-08,734
Portal,2023-08-08,5009
KG,2023-08-09,806
Portal,2023-08-09,3908
CDN,2023-08-09,5
Portal,2023-08-10,4640
KG,2023-08-10,427
CDN,2023-08-10,2
Apps,2023-08-11,6
Portal,2023-08-11,3040
CDN,2023-08-11,4
KG,2023-08-11,418
Apps,2023-08-12,12
KG,2023-08-12,124
CDN,2023-08-12,3
Portal,2023-08-12,1141
KG,2023-08-13,100
Portal,2023-08-13,1202
CDN,2023-08-13,2
Portal,2023-08-14,2241
KG,2023-08-14,262
Apps,2023-08-14,1
Apps,2023-08-15,1
Portal,2023-08-15,2207
CDN,2023-08-15,3
KG,2023-08-15,515
Portal,2023-08-16,2414
KG,2023-08-16,413
Apps,2023-08-16,16
CDN,2023-08-16,17
Apps,2023-08-17,21
Portal,2023-08-17,2887
KG,2023-08-17,389
KG,2023-08-18,424
Apps,2023-08-18,9
Portal,2023-08-18,2282
CDN,2023-08-18,11
Apps,2023-08-19,19
KG,2023-08-19,98
Portal,2023-08-19,1220
CDN,2023-08-20,1
Portal,2023-08-20,1121
KG,2023-08-20,113
Apps,2023-08-20,21
Apps,2023-08-21,5
Portal,2023-08-21,1717
KG,2023-08-21,438
Apps,2023-08-22,5
CDN,2023-08-22,4
Portal,2023-08-22,1814
KG,2023-08-22,351
Portal,2023-08-23,3038
Apps,2023-08-23,5
CDN,2023-08-23,5
KG,2023-08-23,507
Portal,2023-08-24,2250
Apps,2023-08-24,16
CDN,2023-08-24,4
KG,2023-08-24,510
CDN,2023-08-25,22
Portal,2023-08-25,3484
Apps,2023-08-25,14
KG,2023-08-25,304
CDN,2023-08-26,17
KG,2023-08-26,106
Apps,2023-08-26,29
Portal,2023-08-26,1798
Apps,2023-08-27,6
KG,2023-08-27,1168
CDN,2023-08-27,9
Portal,2023-08-27,1531
Portal,2023-08-28,3477
KG,2023-08-28,309
CDN,2023-08-28,7
KG,2023-08-29,439
Apps,2023-08-29,4
Portal,2023-08-29,2781
KG,2023-08-30,630
Apps,2023-08-30,1
Portal,2023-08-30,2878
CDN,2023-08-30,18
Portal,2023-08-31,2861
Apps,2023-08-31,28
CDN,2023-08-31,32
KG,2023-08-31,480
KG,2023-09-01,309
Apps,2023-09-01,2
CDN,2023-09-01,5
Portal,2023-09-01,2329
Portal,2023-09-02,884
Apps,2023-09-02,1
KG,2023-09-02,123
Apps,2023-09-03,31
Portal,2023-09-03,708
CDN,2023-09-03,2
KG,2023-09-03,70
Portal,2023-09-04,1153
Apps,2023-09-04,4
KG,2023-09-04,85
KG,2023-09-05,334
Portal,2023-09-05,1818
Apps,2023-09-05,2
CDN,2023-09-05,5
KG,2023-09-06,425
Portal,2023-09-06,1989
CDN,2023-09-06,2
Apps,2023-09-07,1
CDN,2023-09-07,12
KG,2023-09-07,406
Portal,2023-09-07,1750
Apps,2023-09-08,2
CDN,2023-09-08,1
KG,2023-09-08,604
Portal,2023-09-08,1374
CDN,2023-09-09,2
Portal,2023-09-09,518
Apps,2023-09-09,3
KG,2023-09-09,81
CDN,2023-09-10,2
KG,2023-09-10,56
Apps,2023-09-10,1
Portal,2023-09-10,733
CDN,2023-09-11,39
Apps,2023-09-11,2
Portal,2023-09-11,1591
KG,2023-09-11,427
KG,2023-09-12,404
Apps,2023-09-12,19
CDN,2023-09-12,15
Portal,2023-09-12,1401
Portal,2023-09-13,1663
CDN,2023-09-13,3
KG,2023-09-13,674
Portal,2023-09-14,1944
CDN,2023-09-14,16
KG,2023-09-14,701
Apps,2023-09-14,12
CDN,2023-09-15,18
Apps,2023-09-15,1
KG,2023-09-15,1119
Portal,2023-09-15,1130
Apps,2023-09-16,8
KG,2023-09-16,151
Portal,2023-09-16,826
Portal,2023-09-17,865
Apps,2023-09-17,12
KG,2023-09-17,27
Apps,2023-09-18,17
Portal,2023-09-18,1154
KG,2023-09-18,693
CDN,2023-09-18,4
Portal,2023-09-19,1152
KG,2023-09-19,706
CDN,2023-09-19,5
Apps,2023-09-19,6
Apps,2023-09-20,12
Portal,2023-09-20,768
KG,2023-09-20,373
CDN,2023-09-21,3
Portal,2023-09-21,1339
KG,2023-09-21,411
CDN,2023-09-22,3
Apps,2023-09-22,12
Portal,2023-09-22,1375
KG,2023-09-22,605
CDN,2023-09-23,16
KG,2023-09-23,91
Apps,2023-09-23,1
Portal,2023-09-23,429
KG,2023-09-24,65
Portal,2023-09-24,294
Apps,2023-09-24,14
KG,2023-09-25,566
CDN,2023-09-25,6
Apps,2023-09-25,4
Portal,2023-09-25,1306
CDN,2023-09-26,5
KG,2023-09-26,441
Portal,2023-09-26,1400
KG,2023-09-27,646
Portal,2023-09-27,1635
CDN,2023-09-27,2
KG,2023-09-28,915
Portal,2023-09-28,895
Apps,2023-09-28,3
KG,2023-09-29,1054
Portal,2023-09-29,1267
CDN,2023-09-29,6
Apps,2023-09-29,1
Apps,2023-09-30,3
CDN,2023-09-30,2
KG,2023-09-30,84
Portal,2023-09-30,586
KG,2023-10-01,86
Portal,2023-10-01,447
Apps,2023-10-01,16
CDN,2023-10-01,1
KG,2023-10-02,1495
Apps,2023-10-02,6
CDN,2023-10-02,3
Portal,2023-10-02,2159
CDN,2023-10-03,879
Portal,2023-10-03,2379
Apps,2023-10-03,2
KG,2023-10-03,796
Apps,2023-10-04,6
Portal,2023-10-04,1557
KG,2023-10-04,299
CDN,2023-10-04,291
Portal,2023-10-05,1966
KG,2023-10-05,318
CDN,2023-10-05,442
Portal,2023-10-06,1935
CDN,2023-10-06,179
KG,2023-10-06,276
KG,2023-10-07,112
Portal,2023-10-07,892
CDN,2023-10-07,134
Portal,2023-10-08,568
KG,2023-10-08,193
CDN,2023-10-08,64
CDN,2023-10-09,160
Portal,2023-10-09,1380
KG,2023-10-09,156
Portal,2023-10-10,1798
CDN,2023-10-10,111
KG,2023-10-10,347
Apps,2023-10-10,1
Portal,2023-10-11,1614
CDN,2023-10-11,128
KG,2023-10-11,341
Portal,2023-10-12,1304
Apps,2023-10-12,2
KG,2023-10-12,223
CDN,2023-10-12,110
CDN,2023-10-13,113
Portal,2023-10-13,1624
KG,2023-10-13,261
Apps,2023-10-13,9
Apps,2023-10-14,1
KG,2023-10-14,59
Portal,2023-10-14,519
CDN,2023-10-14,17
KG,2023-10-15,171
CDN,2023-10-15,18
Portal,2023-10-15,627
Apps,2023-10-15,9
CDN,2023-10-16,159
Apps,2023-10-16,10
KG,2023-10-16,358
Portal,2023-10-16,976
Portal,2023-10-17,1441
CDN,2023-10-17,120
KG,2023-10-17,238
CDN,2023-10-18,159
API,2023-10-18,317
Portal,2023-10-18,1125
KG,2023-10-18,647
Apps,2023-10-18,5
Portal,2023-10-19,1178
API,2023-10-19,497
CDN,2023-10-19,184
Apps,2023-10-19,2
KG,2023-10-19,312
CDN,2023-10-20,74
Portal,2023-10-20,1010
API,2023-10-20,162
KG,2023-10-20,136
Apps,2023-10-20,1
Apps,2023-10-21,1
KG,2023-10-21,114
CDN,2023-10-21,77
Portal,2023-10-21,691
Portal,2023-10-22,835
CDN,2023-10-22,66
Apps,2023-10-22,1
KG,2023-10-22,95
Apps,2023-10-23,2
KG,2023-10-23,193
API,2023-10-23,219
CDN,2023-10-23,92
Portal,2023-10-23,963
Apps,2023-10-24,16
Portal,2023-10-24,919
API,2023-10-24,169
CDN,2023-10-24,56
KG,2023-10-24,291
KG,2023-10-25,146
API,2023-10-25,75
Portal,2023-10-25,1643
CDN,2023-10-25,266
Apps,2023-10-25,3
Portal,2023-10-26,1377
CDN,2023-10-26,90
API,2023-10-26,103
KG,2023-10-26,1494
Apps,2023-10-27,4
CDN,2023-10-27,304
KG,2023-10-27,1197
API,2023-10-27,117
Portal,2023-10-27,1768
KG,2023-10-28,169
Portal,2023-10-28,488
Apps,2023-10-28,5
CDN,2023-10-28,46
CDN,2023-10-29,86
KG,2023-10-29,147
Portal,2023-10-29,664
Apps,2023-10-29,14
API,2023-10-30,284
Portal,2023-10-30,1037
KG,2023-10-30,781
Apps,2023-10-30,15
CDN,2023-10-30,1211
KG,2023-10-31,655
CDN,2023-10-31,379
Portal,2023-10-31,1959
Apps,2023-10-31,351
API,2023-10-31,818
Apps,2023-11-01,77
CDN,2023-11-01,241
API,2023-11-01,508
KG,2023-11-01,477
Portal,2023-11-01,2051
Portal,2023-11-02,1404
KG,2023-11-02,616
Apps,2023-11-02,143
CDN,2023-11-02,747
API,2023-11-02,23
API,2023-11-03,177
KG,2023-11-03,546
CDN,2023-11-03,833
Apps,2023-11-03,227
Portal,2023-11-03,1303
KG,2023-11-04,306
Apps,2023-11-04,877
CDN,2023-11-04,769
API,2023-11-04,8
Portal,2023-11-04,568
Portal,2023-11-05,754
API,2023-11-05,27
CDN,2023-11-05,828
Apps,2023-11-05,18
KG,2023-11-05,280
API,2023-11-06,269
Apps,2023-11-06,142
Portal,2023-11-06,1935
CDN,2023-11-06,937
KG,2023-11-06,689
Portal,2023-11-07,1288
Apps,2023-11-07,108
API,2023-11-07,1738
CDN,2023-11-07,829
KG,2023-11-07,1618
Apps,2023-11-08,250
KG,2023-11-08,892
API,2023-11-08,6292
CDN,2023-11-08,796
Portal,2023-11-08,1242
CDN,2023-11-09,934
KG,2023-11-09,687
Portal,2023-11-09,1532
API,2023-11-09,676
Apps,2023-11-09,201
Apps,2023-11-10,535
API,2023-11-10,825
KG,2023-11-10,565
CDN,2023-11-10,917
Portal,2023-11-10,1938
Portal,2023-11-11,1549
KG,2023-11-11,189
CDN,2023-11-11,858
API,2023-11-11,9
Apps,2023-11-11,19
API,2023-11-12,20
Portal,2023-11-12,825
CDN,2023-11-12,803
KG,2023-11-12,289
Apps,2023-11-12,22
Portal,2023-11-13,1125
KG,2023-11-13,1374
Apps,2023-11-13,19
API,2023-11-13,121
CDN,2023-11-13,806
API,2023-11-14,685
Apps,2023-11-14,5
CDN,2023-11-14,863
Portal,2023-11-14,1159
KG,2023-11-14,436
KG,2023-11-15,603
CDN,2023-11-15,821
API,2023-11-15,701
Portal,2023-11-15,1261
Apps,2023-11-15,183
API,2023-11-16,1089
Portal,2023-11-16,1755
CDN,2023-11-16,881
KG,2023-11-16,957
Apps,2023-11-16,198
KG,2023-11-17,488
API,2023-11-17,1036
Apps,2023-11-17,6
Portal,2023-11-17,1086
CDN,2023-11-17,828
KG,2023-11-18,229
CDN,2023-11-18,771
API,2023-11-18,78
Portal,2023-11-18,868
API,2023-11-19,23
Portal,2023-11-19,432
CDN,2023-11-19,783
KG,2023-11-19,253
Apps,2023-11-19,6
Apps,2023-11-20,8
KG,2023-11-20,436
CDN,2023-11-20,782
Portal,2023-11-20,1056
API,2023-11-20,825
Apps,2023-11-21,15
KG,2023-11-21,455
CDN,2023-11-21,864
API,2023-11-21,8980
Portal,2023-11-21,1564
CDN,2023-11-22,814
API,2023-11-22,2995
KG,2023-11-22,388
Portal,2023-11-22,1038
CDN,2023-11-23,911
KG,2023-11-23,727
Portal,2023-11-23,715
Apps,2023-11-23,1
API,2023-11-23,146
Portal,2023-11-24,748
CDN,2023-11-24,828
Apps,2023-11-24,36
KG,2023-11-24,904
API,2023-11-24,96
KG,2023-11-25,209
API,2023-11-25,70
CDN,2023-11-25,842
Portal,2023-11-25,562
Apps,2023-11-25,2
API,2023-11-26,287
Portal,2023-11-26,774
KG,2023-11-26,194
CDN,2023-11-26,753
Apps,2023-11-26,1
Portal,2023-11-27,1270
CDN,2023-11-27,844
API,2023-11-27,1528
KG,2023-11-27,693
Apps,2023-11-27,205
API,2023-11-28,3211
CDN,2023-11-28,891
Portal,2023-11-28,1192
KG,2023-11-28,1090
Apps,2023-11-28,667
Portal,2023-11-29,1533
KG,2023-11-29,845
API,2023-11-29,2065
CDN,2023-11-29,879
Apps,2023-11-29,418
Portal,2023-11-30,1838
KG,2023-11-30,512
API,2023-11-30,763
CDN,2023-11-30,1754
Apps,2023-11-30,77
Portal,2023-12-01,1860
CDN,2023-12-01,915
API,2023-12-01,2550
Apps,2023-12-01,13
KG,2023-12-01,496
Apps,2023-12-02,65
KG,2023-12-02,350
CDN,2023-12-02,804
API,2023-12-02,410
Portal,2023-12-02,998
Portal,2023-12-03,1083
Apps,2023-12-03,12
API,2023-12-03,4263
KG,2023-12-03,606
CDN,2023-12-03,798
KG,2023-12-04,814
API,2023-12-04,9318
Apps,2023-12-04,712
CDN,2023-12-04,1323
Portal,2023-12-04,4816
Apps,2023-12-05,341
Portal,2023-12-05,4653
CDN,2023-12-05,1162
KG,2023-12-05,713
API,2023-12-05,3525
API,2023-12-06,1226
Apps,2023-12-06,62
Portal,2023-12-06,2622
KG,2023-12-06,775
CDN,2023-12-06,1221
KG,2023-12-07,907
Apps,2023-12-07,33
Portal,2023-12-07,1509
API,2023-12-07,1884
CDN,2023-12-07,1146
KG,2023-12-08,1797
Portal,2023-12-08,1577
API,2023-12-08,2235
Apps,2023-12-08,835
CDN,2023-12-08,1206
API,2023-12-09,80
Apps,2023-12-09,27
CDN,2023-12-09,877
Portal,2023-12-09,1012
KG,2023-12-09,397
Portal,2023-12-10,1359
API,2023-12-10,2035
KG,2023-12-10,350
Apps,2023-12-10,12
CDN,2023-12-10,973
Portal,2023-12-11,1296
Apps,2023-12-11,29
API,2023-12-11,3116
CDN,2023-12-11,1578
KG,2023-12-11,780
CDN,2023-12-12,1932
API,2023-12-12,2674
Portal,2023-12-12,1728
Apps,2023-12-12,58
KG,2023-12-12,700
API,2023-12-13,3752
Apps,2023-12-13,21
KG,2023-12-13,1609
CDN,2023-12-13,1848
Portal,2023-12-13,1259
CDN,2023-12-14,1115
KG,2023-12-14,1057
API,2023-12-14,1276
Apps,2023-12-14,601
Portal,2023-12-14,2334
API,2023-12-15,4467
Apps,2023-12-15,124
Portal,2023-12-15,2551
CDN,2023-12-15,1282
KG,2023-12-15,1350
KG,2023-12-16,271
CDN,2023-12-16,854
Apps,2023-12-16,12
Portal,2023-12-16,649
API,2023-12-16,245
Apps,2023-12-17,26
API,2023-12-17,321
KG,2023-12-17,489
Portal,2023-12-17,605
CDN,2023-12-17,925
Apps,2023-12-18,19
CDN,2023-12-18,989
API,2023-12-18,884
KG,2023-12-18,404
Portal,2023-12-18,1216
Apps,2023-12-19,35
KG,2023-12-19,907
CDN,2023-12-19,883
API,2023-12-19,318
Portal,2023-12-19,1003
KG,2023-12-20,702
Portal,2023-12-20,1776
Apps,2023-12-20,56
CDN,2023-12-20,1085
API,2023-12-20,391
API,2023-12-21,140
Apps,2023-12-21,12
KG,2023-12-21,405
CDN,2023-12-21,867
Portal,2023-12-21,700
KG,2023-12-22,303
Apps,2023-12-22,26
CDN,2023-12-22,946
API,2023-12-22,371
Portal,2023-12-22,848
Portal,2023-12-23,522
Apps,2023-12-23,5
KG,2023-12-23,168
API,2023-12-23,492
CDN,2023-12-23,821
KG,2023-12-24,312
Apps,2023-12-24,6
CDN,2023-12-24,826
API,2023-12-24,158
Portal,2023-12-24,376
API,2023-12-25,129
Portal,2023-12-25,494
Apps,2023-12-25,17
KG,2023-12-25,181
CDN,2023-12-25,832
Apps,2023-12-26,9
CDN,2023-12-26,823
KG,2023-12-26,397
Portal,2023-12-26,537
API,2023-12-26,392
Portal,2023-12-27,638
CDN,2023-12-27,851
KG,2023-12-27,308
Apps,2023-12-27,25
API,2023-12-27,136
KG,2023-12-28,313
API,2023-12-28,310
Apps,2023-12-28,8
CDN,2023-12-28,874
Portal,2023-12-28,739
Portal,2023-12-29,1305
KG,2023-12-29,275
API,2023-12-29,326
CDN,2023-12-29,819
Apps,2023-12-29,6
API,2023-12-30,124
CDN,2023-12-30,906
Portal,2023-12-30,924
KG,2023-12-30,242
Apps,2023-12-30,15
KG,2023-12-31,302
Portal,2023-12-31,1183
Apps,2023-12-31,9
API,2023-12-31,100
CDN,2023-12-31,848
Apps,2024-01-01,13
CDN,2024-01-01,979
KG,2024-01-01,255
API,2024-01-01,146
Portal,2024-01-01,1188
KG,2024-01-02,343
Apps,2024-01-02,18
Portal,2024-01-02,1808
CDN,2024-01-02,898
API,2024-01-02,408
Portal,2024-01-03,2341
API,2024-01-03,1181
CDN,2024-01-03,1015
KG,2024-01-03,517
Apps,2024-01-03,30
Apps,2024-01-04,41
KG,2024-01-04,541
CDN,2024-01-04,866
Portal,2024-01-04,1811
API,2024-01-04,566
Portal,2024-01-05,1342
API,2024-01-05,1391
KG,2024-01-05,702
CDN,2024-01-05,1354
Apps,2024-01-05,22
Apps,2024-01-06,6
API,2024-01-06,4700
CDN,2024-01-06,835
KG,2024-01-06,1686
Portal,2024-01-06,3200
Portal,2024-01-07,1621
Apps,2024-01-07,16
KG,2024-01-07,402
CDN,2024-01-07,815
API,2024-01-07,362
Portal,2024-01-08,3865
Apps,2024-01-08,38
CDN,2024-01-08,1145
KG,2024-01-08,1294
API,2024-01-08,2053
CDN,2024-01-09,930
API,2024-01-09,3241
KG,2024-01-09,1293
Apps,2024-01-09,35
Portal,2024-01-09,1539
API,2024-01-10,2801
Apps,2024-01-10,29
KG,2024-01-10,807
CDN,2024-01-10,966
Portal,2024-01-10,2333
CDN,2024-01-11,841
KG,2024-01-11,1175
Portal,2024-01-11,1329
Apps,2024-01-11,38
API,2024-01-11,3861
KG,2024-01-12,1029
API,2024-01-12,1423
CDN,2024-01-12,8765
Apps,2024-01-12,396
Portal,2024-01-12,1550
KG,2024-01-13,268
API,2024-01-13,66
Apps,2024-01-13,57
Portal,2024-01-13,2196
CDN,2024-01-13,1095
API,2024-01-14,225
CDN,2024-01-14,887
Apps,2024-01-14,52
KG,2024-01-14,638
Portal,2024-01-14,797
Apps,2024-01-15,51
CDN,2024-01-15,850
KG,2024-01-15,542
API,2024-01-15,752
Portal,2024-01-15,628
CDN,2024-01-16,1923
Apps,2024-01-16,213
Portal,2024-01-16,1305
API,2024-01-16,2111
KG,2024-01-16,1368
Apps,2024-01-17,65
Portal,2024-01-17,1549
KG,2024-01-17,1750
CDN,2024-01-17,916
API,2024-01-17,4269
KG,2024-01-18,1404
Portal,2024-01-18,1878
API,2024-01-18,1594
Apps,2024-01-18,158
CDN,2024-01-18,1390
KG,2024-01-19,1075
Apps,2024-01-19,88
Portal,2024-01-19,1493
API,2024-01-19,1095
CDN,2024-01-19,1031
API,2024-01-20,555
Apps,2024-01-20,112
CDN,2024-01-20,883
KG,2024-01-20,728
Portal,2024-01-20,995
Apps,2024-01-21,87
Portal,2024-01-21,973
CDN,2024-01-21,854
API,2024-01-21,279
KG,2024-01-21,667
API,2024-01-22,3795
KG,2024-01-22,1831
Portal,2024-01-22,2679
CDN,2024-01-22,1573
Apps,2024-01-22,205
Apps,2024-01-23,193
API,2024-01-23,3543
CDN,2024-01-23,1669
KG,2024-01-23,1697
Portal,2024-01-23,2532
Portal,2024-01-24,1616
KG,2024-01-24,1442
CDN,2024-01-24,1073
Apps,2024-01-24,673
API,2024-01-24,2522
KG,2024-01-25,1303
CDN,2024-01-25,1657
API,2024-01-25,1587
Portal,2024-01-25,2028
Apps,2024-01-25,107
KG,2024-01-26,1215
API,2024-01-26,1797
Portal,2024-01-26,2383
CDN,2024-01-26,3155
Apps,2024-01-26,177
CDN,2024-01-27,858
KG,2024-01-27,827
API,2024-01-27,322
Apps,2024-01-27,119
Portal,2024-01-27,938
Portal,2024-01-28,1807
Apps,2024-01-28,117
API,2024-01-28,790
KG,2024-01-28,645
CDN,2024-01-28,1074
Portal,2024-01-29,1565
CDN,2024-01-29,975
Apps,2024-01-29,138
API,2024-01-29,1803
KG,2024-01-29,1017
KG,2024-01-30,798
Apps,2024-01-30,130
Portal,2024-01-30,1546
API,2024-01-30,1040
CDN,2024-01-30,4768
CDN,2024-01-31,5794
Apps,2024-01-31,221
API,2024-01-31,325
Portal,2024-01-31,1865
KG,2024-01-31,5116
CDN,2024-02-01,3770
Apps,2024-02-01,169
API,2024-02-01,2415
KG,2024-02-01,2741
Portal,2024-02-01,3330
KG,2024-02-02,1076
Portal,2024-02-02,2508
API,2024-02-02,1250
Apps,2024-02-02,209
CDN,2024-02-02,2596
Portal,2024-02-03,837
Apps,2024-02-03,126
API,2024-02-03,20
KG,2024-02-03,344
CDN,2024-02-03,811
Portal,2024-02-04,838
Apps,2024-02-04,95
CDN,2024-02-04,878
API,2024-02-04,75
KG,2024-02-04,352
API,2024-02-05,1053
Apps,2024-02-05,288
KG,2024-02-05,906
CDN,2024-02-05,1384
Portal,2024-02-05,4681
Apps,2024-02-06,210
KG,2024-02-06,1147
Portal,2024-02-06,1797
CDN,2024-02-06,1688
API,2024-02-06,873
Portal,2024-02-07,3559
API,2024-02-07,977
CDN,2024-02-07,3697
KG,2024-02-07,1041
Apps,2024-02-07,110
Apps,2024-02-08,161
Portal,2024-02-08,2738
CDN,2024-02-08,1451
KG,2024-02-08,864
API,2024-02-08,809
KG,2024-02-09,862
API,2024-02-09,466
Apps,2024-02-09,225
Portal,2024-02-09,1914
CDN,2024-02-09,1394
API,2024-02-10,29
Apps,2024-02-10,158
CDN,2024-02-10,1093
Portal,2024-02-10,967
KG,2024-02-10,593
Apps,2024-02-11,136
API,2024-02-11,17
CDN,2024-02-11,864
KG,2024-02-11,863
Portal,2024-02-11,1007
Portal,2024-02-12,3378
Apps,2024-02-12,121
CDN,2024-02-12,1236
API,2024-02-12,791
KG,2024-02-12,1099
Portal,2024-02-13,2077
CDN,2024-02-13,1443
Apps,2024-02-13,190
KG,2024-02-13,957
API,2024-02-13,815
Apps,2024-02-14,205
CDN,2024-02-14,1207
API,2024-02-14,580
Portal,2024-02-14,4960
KG,2024-02-14,895
Apps,2024-02-15,115
API,2024-02-15,686
Portal,2024-02-15,2267
KG,2024-02-15,1132
CDN,2024-02-15,2678
Apps,2024-02-16,168
API,2024-02-16,780
CDN,2024-02-16,1042
Portal,2024-02-16,2191
KG,2024-02-16,994
API,2024-02-17,173
Portal,2024-02-17,1810
CDN,2024-02-17,1048
Apps,2024-02-17,98
KG,2024-02-17,376
Apps,2024-02-18,85
CDN,2024-02-18,901
Portal,2024-02-18,1103
API,2024-02-18,241
KG,2024-02-18,582
API,2024-02-19,7750
CDN,2024-02-19,1027
KG,2024-02-19,3311
Apps,2024-02-19,190
Portal,2024-02-19,1768
Portal,2024-02-20,2003
Apps,2024-02-20,246
CDN,2024-02-20,938
API,2024-02-20,1163
KG,2024-02-20,1514
Apps,2024-02-21,346
KG,2024-02-21,907
Portal,2024-02-21,2097
API,2024-02-21,1322
CDN,2024-02-21,1322
KG,2024-02-22,1039
Portal,2024-02-22,3042
CDN,2024-02-22,1948
API,2024-02-22,528
Apps,2024-02-22,157
API,2024-02-23,208
Portal,2024-02-23,2470
KG,2024-02-23,881
Apps,2024-02-23,352
CDN,2024-02-23,1021
Portal,2024-02-24,1235
KG,2024-02-24,904
Apps,2024-02-24,311
API,2024-02-24,357
CDN,2024-02-24,927
KG,2024-02-25,495
API,2024-02-25,398
CDN,2024-02-25,1163
Apps,2024-02-25,122
Portal,2024-02-25,1299
Portal,2024-02-26,1570
API,2024-02-26,1331
Apps,2024-02-26,281
CDN,2024-02-26,1293
KG,2024-02-26,984
API,2024-02-27,2916
CDN,2024-02-27,1246
Apps,2024-02-27,621
Portal,2024-02-27,2773
KG,2024-02-27,2096
CDN,2024-02-28,1022
Apps,2024-02-28,236
Portal,2024-02-28,1753
API,2024-02-28,1757
KG,2024-02-28,1018
KG,2024-02-29,1290
Apps,2024-02-29,243
API,2024-02-29,1071
CDN,2024-02-29,1429
Portal,2024-02-29,1768
Apps,2024-03-01,188
CDN,2024-03-01,1342
Portal,2024-03-01,1838
KG,2024-03-01,923
API,2024-03-01,816
CDN,2024-03-02,1011
KG,2024-03-02,964
Portal,2024-03-02,1229
API,2024-03-02,370
Apps,2024-03-02,156
API,2024-03-03,251
Portal,2024-03-03,2111
KG,2024-03-03,938
Apps,2024-03-03,162
CDN,2024-03-03,1112
Portal,2024-03-04,2585
API,2024-03-04,7715
CDN,2024-03-04,1143
Apps,2024-03-04,204
KG,2024-03-04,1210
Portal,2024-03-05,2333
CDN,2024-03-05,1225
API,2024-03-05,2186
Apps,2024-03-05,275
KG,2024-03-05,1194
CDN,2024-03-06,1484
API,2024-03-06,6091
Portal,2024-03-06,3272
Apps,2024-03-06,275
KG,2024-03-06,1479
Portal,2024-03-07,4142
CDN,2024-03-07,1138
KG,2024-03-07,1103
API,2024-03-07,2974
Apps,2024-03-07,152
KG,2024-03-08,1217
API,2024-03-08,931
Apps,2024-03-08,165
CDN,2024-03-08,1172
Portal,2024-03-08,3190
Apps,2024-03-09,135
KG,2024-03-09,529
Portal,2024-03-09,1213
API,2024-03-09,223
CDN,2024-03-09,946
API,2024-03-10,201
Apps,2024-03-10,109
Portal,2024-03-10,951
CDN,2024-03-10,1121
KG,2024-03-10,611
CDN,2024-03-11,978
Portal,2024-03-11,2765
KG,2024-03-11,1102
Apps,2024-03-11,155
API,2024-03-11,1474
Apps,2024-03-12,201
Portal,2024-03-12,2477
CDN,2024-03-12,1356
KG,2024-03-12,2061
API,2024-03-12,347
Apps,2024-03-13,120
KG,2024-03-13,840
Portal,2024-03-13,1319
API,2024-03-13,1202
CDN,2024-03-13,1055
KG,2024-03-14,1124
CDN,2024-03-14,1205
Apps,2024-03-14,183
Portal,2024-03-14,3937
API,2024-03-14,2011
KG,2024-03-15,2492
Apps,2024-03-15,188
CDN,2024-03-15,1366
API,2024-03-15,3845
Portal,2024-03-15,4078
CDN,2024-03-16,1129
API,2024-03-16,313
Portal,2024-03-16,1474
KG,2024-03-16,992
Apps,2024-03-16,139
API,2024-03-17,263
KG,2024-03-17,684
Apps,2024-03-17,11145
Portal,2024-03-17,9882
CDN,2024-03-17,993
API,2024-03-18,2059
Apps,2024-03-18,163
CDN,2024-03-18,1027
KG,2024-03-18,979
Portal,2024-03-18,1915
Apps,2024-03-19,116
API,2024-03-19,949
CDN,2024-03-19,976
Portal,2024-03-19,3503
KG,2024-03-19,1719
KG,2024-03-20,1787
API,2024-03-20,2083
CDN,2024-03-20,4032
Portal,2024-03-20,3551
Apps,2024-03-20,153
Apps,2024-03-21,145
CDN,2024-03-21,1124
KG,2024-03-21,2485
Portal,2024-03-21,3339
API,2024-03-21,1538
CDN,2024-03-22,997
Portal,2024-03-22,2532
API,2024-03-22,865
KG,2024-03-22,1353
Apps,2024-03-22,119
Portal,2024-03-23,1128
API,2024-03-23,148
KG,2024-03-23,574
CDN,2024-03-23,1098
Apps,2024-03-23,165
Apps,2024-03-24,126
CDN,2024-03-24,1000
KG,2024-03-24,436
Portal,2024-03-24,2633
API,2024-03-24,141
CDN,2024-03-25,1887
Portal,2024-03-25,3331
KG,2024-03-25,1456
API,2024-03-25,1743
Apps,2024-03-25,187
API,2024-03-26,803
KG,2024-03-26,1096
CDN,2024-03-26,1690
Apps,2024-03-26,293
Portal,2024-03-26,2901
CDN,2024-03-27,1287
API,2024-03-27,1093
KG,2024-03-27,1757
Portal,2024-03-27,1955
Apps,2024-03-27,179
API,2024-03-28,1237
Apps,2024-03-28,168
Portal,2024-03-28,2146
CDN,2024-03-28,1703
KG,2024-03-28,2273
CDN,2024-03-29,1326
Apps,2024-03-29,167
Portal,2024-03-29,2304
API,2024-03-29,1181
KG,2024-03-29,1090
Apps,2024-03-30,153
KG,2024-03-30,713
CDN,2024-03-30,1423
Portal,2024-03-30,2658
API,2024-03-30,349
KG,2024-03-31,613
API,2024-03-31,333
Portal,2024-03-31,1544
CDN,2024-03-31,1021
Apps,2024-03-31,138
CDN,2024-04-01,1367
Apps,2024-04-01,128
Portal,2024-04-01,3114
KG,2024-04-01,881
API,2024-04-01,475
API,2024-04-02,1192
Portal,2024-04-02,3754
KG,2024-04-02,1113
Apps,2024-04-02,161
CDN,2024-04-02,1169
CDN,2024-04-03,2037
Portal,2024-04-03,1927
Apps,2024-04-03,155
KG,2024-04-03,1750
API,2024-04-03,959
API,2024-04-04,494
KG,2024-04-04,1003
CDN,2024-04-04,1382
Portal,2024-04-04,6045
Apps,2024-04-04,149
KG,2024-04-05,1221
CDN,2024-04-05,1982
Portal,2024-04-05,1420
API,2024-04-05,223
Apps,2024-04-05,137
Apps,2024-04-06,120
KG,2024-04-06,1249
Portal,2024-04-06,1067
CDN,2024-04-06,1048
API,2024-04-06,69
KG,2024-04-07,1185
CDN,2024-04-07,1178
Apps,2024-04-07,112
Portal,2024-04-07,1974
API,2024-04-07,469
Portal,2024-04-08,1549
CDN,2024-04-08,1474
API,2024-04-08,405
Apps,2024-04-08,128
KG,2024-04-08,832
CDN,2024-04-09,1466
API,2024-04-09,860
KG,2024-04-09,1478
Apps,2024-04-09,244
Portal,2024-04-09,2251
Portal,2024-04-10,4464
CDN,2024-04-10,1576
KG,2024-04-10,8921
Apps,2024-04-10,243
API,2024-04-10,5538
Apps,2024-04-11,300
KG,2024-04-11,34950
API,2024-04-11,6627
CDN,2024-04-11,1235
Portal,2024-04-11,3992
Apps,2024-04-12,196
KG,2024-04-12,8767
CDN,2024-04-12,1476
Portal,2024-04-12,2178
API,2024-04-12,1608
API,2024-04-13,1255
KG,2024-04-13,2100
Portal,2024-04-13,1480
CDN,2024-04-13,1068
Apps,2024-04-13,159
API,2024-04-14,1887
Portal,2024-04-14,1102
KG,2024-04-14,666
Apps,2024-04-14,122
CDN,2024-04-14,992
KG,2024-04-15,1879
CDN,2024-04-15,1635
Portal,2024-04-15,2647
API,2024-04-15,1310
Apps,2024-04-15,230
CDN,2024-04-16,1527
Apps,2024-04-16,238
KG,2024-04-16,1601
API,2024-04-16,2628
Portal,2024-04-16,2141
KG,2024-04-17,1153
Apps,2024-04-17,207
CDN,2024-04-17,2086
Portal,2024-04-17,2782
API,2024-04-17,965
API,2024-04-18,1340
CDN,2024-04-18,994
KG,2024-04-18,1843
Portal,2024-04-18,1815
Apps,2024-04-18,177
KG,2024-04-19,1142
Portal,2024-04-19,1926
Apps,2024-04-19,188
API,2024-04-19,642
CDN,2024-04-19,1091
Apps,2024-04-20,142
KG,2024-04-20,616
CDN,2024-04-20,1088
API,2024-04-20,248
Portal,2024-04-20,1619
Portal,2024-04-21,1709
Apps,2024-04-21,151
KG,2024-04-21,911
CDN,2024-04-21,1118
API,2024-04-21,244
KG,2024-04-22,835
API,2024-04-22,630
Portal,2024-04-22,1811
CDN,2024-04-22,1442
Apps,2024-04-22,176
Portal,2024-04-23,1810
API,2024-04-23,3200
CDN,2024-04-23,1148
KG,2024-04-23,1051
Apps,2024-04-23,203
CDN,2024-04-24,1107
Apps,2024-04-24,176
Portal,2024-04-24,2145
API,2024-04-24,749
KG,2024-04-24,2754
Portal,2024-04-25,3351
Apps,2024-04-25,209
CDN,2024-04-25,1147
API,2024-04-25,1456
KG,2024-04-25,1320
API,2024-04-26,867
Apps,2024-04-26,696
KG,2024-04-26,2109
CDN,2024-04-26,1258
Portal,2024-04-26,2540
Portal,2024-04-27,1282
API,2024-04-27,670
CDN,2024-04-27,1019
Apps,2024-04-27,204
KG,2024-04-27,874
Apps,2024-04-28,130
API,2024-04-28,385
KG,2024-04-28,641
CDN,2024-04-28,908
Portal,2024-04-28,1233
Portal,2024-04-29,2695
CDN,2024-04-29,1689
Apps,2024-04-29,186
KG,2024-04-29,915
API,2024-04-29,493
CDN,2024-04-30,1837
KG,2024-04-30,2159
Apps,2024-04-30,146
Portal,2024-04-30,2010
API,2024-04-30,674
Apps,2024-05-01,145
API,2024-05-01,423
KG,2024-05-01,1764
Portal,2024-05-01,2503
CDN,2024-05-01,1185
CDN,2024-05-02,1490
API,2024-05-02,791
Portal,2024-05-02,2277
Apps,2024-05-02,155
KG,2024-05-02,1156
KG,2024-05-03,2644
CDN,2024-05-03,2835
Apps,2024-05-03,120
API,2024-05-03,683
Portal,2024-05-03,2882
Apps,2024-05-04,97
Portal,2024-05-04,1774
CDN,2024-05-04,977
API,2024-05-04,149
KG,2024-05-04,579
KG,2024-05-05,637
API,2024-05-05,167
Portal,2024-05-05,1895
CDN,2024-05-05,1175
Apps,2024-05-05,121
Apps,2024-05-06,378
Portal,2024-05-06,2901
CDN,2024-05-06,1240
API,2024-05-06,895
KG,2024-05-06,1415
Portal,2024-05-07,2665
CDN,2024-05-07,1536
Apps,2024-05-07,247
KG,2024-05-07,2217
API,2024-05-07,344
KG,2024-05-08,879
Apps,2024-05-08,131
API,2024-05-08,893
CDN,2024-05-08,1236
Portal,2024-05-08,2146
CDN,2024-05-09,1462
Portal,2024-05-09,2559
KG,2024-05-09,1111
Apps,2024-05-09,134
API,2024-05-09,905
CDN,2024-05-10,1275
Apps,2024-05-10,128
Portal,2024-05-10,2224
KG,2024-05-10,883
API,2024-05-10,703
API,2024-05-11,475
Apps,2024-05-11,108
CDN,2024-05-11,1196
KG,2024-05-11,747
Portal,2024-05-11,1302
Apps,2024-05-12,79
KG,2024-05-12,593
CDN,2024-05-12,1058
API,2024-05-12,249
Portal,2024-05-12,1713
Portal,2024-05-13,2157
CDN,2024-05-13,1357
API,2024-05-13,766
Apps,2024-05-13,153
KG,2024-05-13,7390
Apps,2024-05-14,151
Portal,2024-05-14,2151
KG,2024-05-14,1074
API,2024-05-14,1520
CDN,2024-05-14,1589
Portal,2024-05-15,3070
Apps,2024-05-15,126
CDN,2024-05-15,1196
API,2024-05-15,1171
KG,2024-05-15,1141
API,2024-05-16,1153
Apps,2024-05-16,125
Portal,2024-05-16,2477
CDN,2024-05-16,3358
KG,2024-05-16,2083
CDN,2024-05-17,1310
Apps,2024-05-17,135
API,2024-05-17,1005
KG,2024-05-17,3085
Portal,2024-05-17,2836
Portal,2024-05-18,1822
KG,2024-05-18,681
CDN,2024-05-18,1033
API,2024-05-18,93
Apps,2024-05-18,105
API,2024-05-19,267
Apps,2024-05-19,90
Portal,2024-05-19,1233
KG,2024-05-19,734
CDN,2024-05-19,1051
API,2024-05-20,1711
Portal,2024-05-20,2565
KG,2024-05-20,1330
CDN,2024-05-20,1620
Apps,2024-05-20,121
Apps,2024-05-21,126
CDN,2024-05-21,1542
Portal,2024-05-21,2768
KG,2024-05-21,2123
API,2024-05-21,1448
Portal,2024-05-22,2390
Apps,2024-05-22,77
API,2024-05-22,1498
CDN,2024-05-22,1411
KG,2024-05-22,1203
KG,2024-05-23,1055
Portal,2024-05-23,2194
API,2024-05-23,639
Apps,2024-05-23,126
CDN,2024-05-23,1296
CDN,2024-05-24,1480
KG,2024-05-24,895
Apps,2024-05-24,646
Portal,2024-05-24,2480
API,2024-05-24,349
KG,2024-05-25,853
API,2024-05-25,592
Portal,2024-05-25,1201
Apps,2024-05-25,122
CDN,2024-05-25,977
Portal,2024-05-26,1205
KG,2024-05-26,1105
Apps,2024-05-26,102
CDN,2024-05-26,1044
API,2024-05-26,436
KG,2024-05-27,1803
API,2024-05-27,344
CDN,2024-05-27,1162
Apps,2024-05-27,97
Portal,2024-05-27,1344
Apps,2024-05-28,806
API,2024-05-28,749
KG,2024-05-28,839
CDN,2024-05-28,1639
Portal,2024-05-28,2504
Apps,2024-05-29,266
Portal,2024-05-29,2717
KG,2024-05-29,2611
API,2024-05-29,1716
CDN,2024-05-29,1052
CDN,2024-05-30,1304
API,2024-05-30,1867
Apps,2024-05-30,103
Portal,2024-05-30,2028
KG,2024-05-30,1212
Apps,2024-05-31,120
Portal,2024-05-31,2676
KG,2024-05-31,975
API,2024-05-31,575
CDN,2024-05-31,2083
Portal,2024-06-01,895
API,2024-06-01,149
CDN,2024-06-01,911
Apps,2024-06-01,94
KG,2024-06-01,1266
Portal,2024-06-02,1087
CDN,2024-06-02,1005
KG,2024-06-02,734
Apps,2024-06-02,94
API,2024-06-02,181
CDN,2024-06-03,1506
API,2024-06-03,717
KG,2024-06-03,1104
Apps,2024-06-03,659
Portal,2024-06-03,2524
Portal,2024-06-04,2847
Apps,2024-06-04,148
API,2024-06-04,797
CDN,2024-06-04,1712
KG,2024-06-04,1794
Apps,2024-06-05,211
Portal,2024-06-05,3061
KG,2024-06-05,1565
CDN,2024-06-05,1537
API,2024-06-05,680
CDN,2024-06-06,2368
API,2024-06-06,579
KG,2024-06-06,1566
Apps,2024-06-06,102
Portal,2024-06-06,2351
API,2024-06-07,294
Apps,2024-06-07,96
Portal,2024-06-07,2441
KG,2024-06-07,1593
CDN,2024-06-07,2469
Portal,2024-06-08,1003
API,2024-06-08,118
CDN,2024-06-08,1459
Apps,2024-06-08,115
KG,2024-06-08,1256
KG,2024-06-09,1143
CDN,2024-06-09,1077
Portal,2024-06-09,1722
Apps,2024-06-09,141
API,2024-06-09,464
API,2024-06-10,1031
KG,2024-06-10,1468
CDN,2024-06-10,1494
Apps,2024-06-10,154
Portal,2024-06-10,2269
Portal,2024-06-11,2906
API,2024-06-11,1028
Apps,2024-06-11,168
KG,2024-06-11,1514
CDN,2024-06-11,3531
API,2024-06-12,1096
KG,2024-06-12,3194
Portal,2024-06-12,3925
CDN,2024-06-12,3627
Apps,2024-06-12,174
Apps,2024-06-13,232
CDN,2024-06-13,2599
Portal,2024-06-13,3188
KG,2024-06-13,2581
API,2024-06-13,2181
KG,2024-06-14,5216
CDN,2024-06-14,2932
Portal,2024-06-14,6279
Apps,2024-06-14,2293
API,2024-06-14,1023
Portal,2024-06-15,2269
CDN,2024-06-15,203
API,2024-06-15,241
Apps,2024-06-15,188
KG,2024-06-15,3394
KG,2024-06-16,3110
Portal,2024-06-16,1165
Apps,2024-06-16,156
CDN,2024-06-16,195
API,2024-06-16,138
API,2024-06-17,849
KG,2024-06-17,4949
Apps,2024-06-17,536
Portal,2024-06-17,3202
CDN,2024-06-17,2238
Apps,2024-06-18,549
Portal,2024-06-18,2398
API,2024-06-18,598
KG,2024-06-18,3771
CDN,2024-06-18,2227
API,2024-06-19,628
Apps,2024-06-19,277
CDN,2024-06-19,245
KG,2024-06-19,3136
Portal,2024-06-19,2755
API,2024-06-20,777
Portal,2024-06-20,3514
KG,2024-06-20,3479
CDN,2024-06-20,643
Apps,2024-06-20,724
Portal,2024-06-21,3413
Apps,2024-06-21,1040
CDN,2024-06-21,863
KG,2024-06-21,2982
API,2024-06-21,820
Apps,2024-06-22,143
KG,2024-06-22,3657
API,2024-06-22,95
Portal,2024-06-22,2400
CDN,2024-06-22,361
KG,2024-06-23,2104
API,2024-06-23,111
Portal,2024-06-23,2598
Apps,2024-06-23,188
CDN,2024-06-23,293
CDN,2024-06-24,1412
Portal,2024-06-24,4431
Apps,2024-06-24,1470
API,2024-06-24,860
KG,2024-06-24,6141
Portal,2024-06-25,2584
Apps,2024-06-25,489
KG,2024-06-25,7326
API,2024-06-25,831
CDN,2024-06-25,731
Portal,2024-06-26,3711
CDN,2024-06-26,1033
KG,2024-06-26,3800
Apps,2024-06-26,754
API,2024-06-26,1120
Portal,2024-06-27,3485
CDN,2024-06-27,1864
KG,2024-06-27,4222
Apps,2024-06-27,1037
API,2024-06-27,1064
API,2024-06-28,850
Portal,2024-06-28,3232
CDN,2024-06-28,1757
KG,2024-06-28,5601
Apps,2024-06-28,594
KG,2024-06-29,3083
CDN,2024-06-29,281
Portal,2024-06-29,967
Apps,2024-06-29,141
API,2024-06-29,259
KG,2024-06-30,3225
CDN,2024-06-30,231
Portal,2024-06-30,1558
API,2024-06-30,92
Apps,2024-06-30,152
Portal,2024-07-01,2362
Apps,2024-07-01,489
KG,2024-07-01,3732
API,2024-07-01,775
CDN,2024-07-01,1320
KG,2024-07-02,5474
Portal,2024-07-02,3396
Apps,2024-07-02,477
API,2024-07-02,1934
CDN,2024-07-02,2658
API,2024-07-03,4736
Apps,2024-07-03,1057
CDN,2024-07-03,3841
Portal,2024-07-03,3792
KG,2024-07-03,4290
KG,2024-07-04,2713
Portal,2024-07-04,1980
Apps,2024-07-04,234
CDN,2024-07-04,313
API,2024-07-04,470
CDN,2024-07-05,781
Apps,2024-07-05,353
KG,2024-07-05,3516
API,2024-07-05,437
Portal,2024-07-05,2074
KG,2024-07-06,2843
Portal,2024-07-06,3389
Apps,2024-07-06,221
API,2024-07-06,205
CDN,2024-07-06,255
Portal,2024-07-07,1301
CDN,2024-07-07,390
KG,2024-07-07,3191
API,2024-07-07,256
Apps,2024-07-07,128
CDN,2024-07-08,1523
KG,2024-07-08,5654
Portal,2024-07-08,3787
Apps,2024-07-08,442
API,2024-07-08,834
API,2024-07-09,935
CDN,2024-07-09,2426
Apps,2024-07-09,402
Portal,2024-07-09,3384
KG,2024-07-09,3584
CDN,2024-07-10,1801
KG,2024-07-10,4129
API,2024-07-10,834
Portal,2024-07-10,3758
Apps,2024-07-10,431
Apps,2024-07-11,280
Portal,2024-07-11,3690
KG,2024-07-11,4143
CDN,2024-07-11,2041
API,2024-07-11,1688
CDN,2024-07-12,1742
Portal,2024-07-12,3333
API,2024-07-12,693
KG,2024-07-12,2728
Apps,2024-07-12,267
API,2024-07-13,214
Portal,2024-07-13,1033
Apps,2024-07-13,114
CDN,2024-07-13,224
KG,2024-07-13,2800
KG,2024-07-14,2698
Apps,2024-07-14,132
Portal,2024-07-14,1244
CDN,2024-07-14,307
API,2024-07-14,133
KG,2024-07-15,3193
Portal,2024-07-15,2092
Apps,2024-07-15,312
CDN,2024-07-15,2174
API,2024-07-15,1459
Apps,2024-07-16,357
KG,2024-07-16,5782
CDN,2024-07-16,1010
Portal,2024-07-16,2534
API,2024-07-16,3113
CDN,2024-07-17,472
API,2024-07-17,2268
Portal,2024-07-17,3446
Apps,2024-07-17,251
KG,2024-07-17,6716
Apps,2024-07-18,243
KG,2024-07-18,3356
CDN,2024-07-18,1061
API,2024-07-18,1652
Portal,2024-07-18,2616
KG,2024-07-19,3085
Portal,2024-07-19,3906
CDN,2024-07-19,1021
Apps,2024-07-19,207
API,2024-07-19,667
API,2024-07-20,294
Portal,2024-07-20,1234
CDN,2024-07-20,1609
KG,2024-07-20,2385
Apps,2024-07-20,114
API,2024-07-21,270
Apps,2024-07-21,127
KG,2024-07-21,2438
Portal,2024-07-21,1124
CDN,2024-07-21,188
CDN,2024-07-22,746
Apps,2024-07-22,303
Portal,2024-07-22,2638
API,2024-07-22,1647
KG,2024-07-22,4016
Apps,2024-07-23,295
CDN,2024-07-23,710
API,2024-07-23,1167
KG,2024-07-23,3444
Portal,2024-07-23,3198
API,2024-07-24,2784
Apps,2024-07-24,259
CDN,2024-07-24,1004
Portal,2024-07-24,2792
KG,2024-07-24,4792
KG,2024-07-25,2868
API,2024-07-25,710
Portal,2024-07-25,2496
Apps,2024-07-25,243
CDN,2024-07-25,1141
API,2024-07-26,909
KG,2024-07-26,3232
Apps,2024-07-26,467
CDN,2024-07-26,1128
Portal,2024-07-26,3163
CDN,2024-07-27,337
API,2024-07-27,326
Portal,2024-07-27,1447
KG,2024-07-27,2506
Apps,2024-07-27,254
Portal,2024-07-28,1264
API,2024-07-28,460
KG,2024-07-28,4483
CDN,2024-07-28,169
Apps,2024-07-28,200
KG,2024-07-29,3106
API,2024-07-29,2087
Apps,2024-07-29,294
CDN,2024-07-29,713
Portal,2024-07-29,1965
KG,2024-07-30,4648
Portal,2024-07-30,2306
API,2024-07-30,4820
Apps,2024-07-30,315
CDN,2024-07-30,966
API,2024-07-31,2770
KG,2024-07-31,4036
Apps,2024-07-31,279
CDN,2024-07-31,3075
Portal,2024-07-31,2015
Apps,2024-08-01,395
CDN,2024-08-01,1623
KG,2024-08-01,3647
Portal,2024-08-01,2350
API,2024-08-01,1678
CDN,2024-08-02,1140
Portal,2024-08-02,5262
Apps,2024-08-02,297
API,2024-08-02,1437
KG,2024-08-02,4355
Portal,2024-08-03,1099
CDN,2024-08-03,192
API,2024-08-03,85
Apps,2024-08-03,198
KG,2024-08-03,2416
CDN,2024-08-04,544
Apps,2024-08-04,250
KG,2024-08-04,2432
API,2024-08-04,64
Portal,2024-08-04,1204
API,2024-08-05,1150
Portal,2024-08-05,7804
KG,2024-08-05,3248
CDN,2024-08-05,769
Apps,2024-08-05,332
Portal,2024-08-06,2881
API,2024-08-06,1178
KG,2024-08-06,4197
CDN,2024-08-06,1776
Apps,2024-08-06,425
Apps,2024-08-07,587
API,2024-08-07,2118
KG,2024-08-07,5518
CDN,2024-08-07,2922
Portal,2024-08-07,4097
Apps,2024-08-08,405
API,2024-08-08,3120
CDN,2024-08-08,2282
KG,2024-08-08,5501
Portal,2024-08-08,3074
CDN,2024-08-09,1258
KG,2024-08-09,3615
API,2024-08-09,1378
Portal,2024-08-09,7194
Apps,2024-08-09,304
KG,2024-08-10,2265
API,2024-08-10,26
Portal,2024-08-10,1342
Apps,2024-08-10,141
CDN,2024-08-10,514
Portal,2024-08-11,1142
Apps,2024-08-11,229
API,2024-08-11,78
KG,2024-08-11,2797
CDN,2024-08-11,435
CDN,2024-08-12,3703
Portal,2024-08-12,5622
Apps,2024-08-12,484
KG,2024-08-12,3853
API,2024-08-12,2011
Apps,2024-08-13,298
Portal,2024-08-13,9986
KG,2024-08-13,4192
CDN,2024-08-13,1444
API,2024-08-13,1347
CDN,2024-08-14,2574
Apps,2024-08-14,354
API,2024-08-14,1286
KG,2024-08-14,4929
Portal,2024-08-14,3087
KG,2024-08-15,3835
CDN,2024-08-15,891
Apps,2024-08-15,255
API,2024-08-15,1026
Portal,2024-08-15,4567
CDN,2024-08-16,869
API,2024-08-16,1472
Portal,2024-08-16,4722
KG,2024-08-16,3107
Apps,2024-08-16,238
API,2024-08-17,267
KG,2024-08-17,2383
Portal,2024-08-17,2108
CDN,2024-08-17,454
Apps,2024-08-17,183
Portal,2024-08-18,1802
API,2024-08-18,285
KG,2024-08-18,2552
CDN,2024-08-18,424
Apps,2024-08-18,166
Portal,2024-08-19,3061
API,2024-08-19,1403
CDN,2024-08-19,664
KG,2024-08-19,3943
Apps,2024-08-19,275
Apps,2024-08-20,295
Portal,2024-08-20,3552
CDN,2024-08-20,1009
KG,2024-08-20,6271
API,2024-08-20,1622
CDN,2024-08-21,784
API,2024-08-21,821
Portal,2024-08-21,2452
Apps,2024-08-21,226
KG,2024-08-21,3599
KG,2024-08-22,4427
Portal,2024-08-22,2471
Apps,2024-08-22,221
API,2024-08-22,791
CDN,2024-08-22,1069
API,2024-08-23,979
Portal,2024-08-23,7431
Apps,2024-08-23,210
KG,2024-08-23,3424
CDN,2024-08-23,985
CDN,2024-08-24,200
KG,2024-08-24,2520
Apps,2024-08-24,179
API,2024-08-24,298
Portal,2024-08-24,1578
KG,2024-08-25,3116
Apps,2024-08-25,155
Portal,2024-08-25,1316
API,2024-08-25,182
CDN,2024-08-25,272
KG,2024-08-26,4267
CDN,2024-08-26,3398
Apps,2024-08-26,347
API,2024-08-26,1557
Portal,2024-08-26,3129
CDN,2024-08-27,3996
KG,2024-08-27,3172
API,2024-08-27,804
Apps,2024-08-27,197
Portal,2024-08-27,2213
Portal,2024-08-28,5460
KG,2024-08-28,2970
Apps,2024-08-28,241
API,2024-08-28,1358
CDN,2024-08-28,3951
Portal,2024-08-29,3744
API,2024-08-29,1018
CDN,2024-08-29,4225
KG,2024-08-29,3379
Apps,2024-08-29,576
Portal,2024-08-30,4824
KG,2024-08-30,3190
API,2024-08-30,2104
CDN,2024-08-30,2927
Apps,2024-08-30,562
Apps,2024-08-31,396
CDN,2024-08-31,1671
API,2024-08-31,425
KG,2024-08-31,2674
Portal,2024-08-31,3045
API,2024-09-01,212
CDN,2024-09-01,1503
KG,2024-09-01,3570
Portal,2024-09-01,3662
Apps,2024-09-01,313
API,2024-09-02,434
CDN,2024-09-02,2926
Apps,2024-09-02,313
KG,2024-09-02,3729
Portal,2024-09-02,3141
Apps,2024-09-03,359
CDN,2024-09-03,3888
Portal,2024-09-03,12890
KG,2024-09-03,3693
API,2024-09-03,914
Apps,2024-09-04,557
KG,2024-09-04,3683
Portal,2024-09-04,4282
API,2024-09-04,1379
CDN,2024-09-04,4282
Apps,2024-09-05,244
KG,2024-09-05,4538
CDN,2024-09-05,4730
API,2024-09-05,18137
Portal,2024-09-05,8501
API,2024-09-06,30510
Apps,2024-09-06,228
CDN,2024-09-06,4777
KG,2024-09-06,3855
Portal,2024-09-06,2805
CDN,2024-09-07,1469
Portal,2024-09-07,2956
API,2024-09-07,163
Apps,2024-09-07,329
KG,2024-09-07,3728
CDN,2024-09-08,1456
API,2024-09-08,220
KG,2024-09-08,2340
Apps,2024-09-08,308
Portal,2024-09-08,2575
Apps,2024-09-09,394
CDN,2024-09-09,3617
KG,2024-09-09,3629
Portal,2024-09-09,4406
API,2024-09-09,3157
API,2024-09-10,1232
CDN,2024-09-10,5272
KG,2024-09-10,4937
Apps,2024-09-10,586
Portal,2024-09-10,4463
Portal,2024-09-11,4802
CDN,2024-09-11,5264
Apps,2024-09-11,668
KG,2024-09-11,3247
API,2024-09-11,1548
Portal,2024-09-12,3938
Apps,2024-09-12,372
KG,2024-09-12,2804
API,2024-09-12,841
CDN,2024-09-12,5947
Apps,2024-09-13,248
CDN,2024-09-13,3471
KG,2024-09-13,3179
API,2024-09-13,1208
Portal,2024-09-13,2317
API,2024-09-14,329
Portal,2024-09-14,2064
KG,2024-09-14,3205
CDN,2024-09-14,1489
Apps,2024-09-14,148
API,2024-09-15,300
Apps,2024-09-15,116
Portal,2024-09-15,1423
CDN,2024-09-15,1106
KG,2024-09-15,3058
Portal,2024-09-16,2632
Apps,2024-09-16,272
KG,2024-09-16,2438
CDN,2024-09-16,2965
API,2024-09-16,6445
API,2024-09-17,7267
Portal,2024-09-17,3721
KG,2024-09-17,3974
CDN,2024-09-17,3650
Apps,2024-09-17,260
API,2024-09-18,5244
Apps,2024-09-18,692
Portal,2024-09-18,4986
CDN,2024-09-18,5587
KG,2024-09-18,3696
Apps,2024-09-19,461
KG,2024-09-19,4588
Portal,2024-09-19,3546
CDN,2024-09-19,4591
API,2024-09-19,2762
Apps,2024-09-20,206
KG,2024-09-20,3224
Portal,2024-09-20,2209
CDN,2024-09-20,3960
API,2024-09-20,1452
Apps,2024-09-21,205
KG,2024-09-21,2096
API,2024-09-21,395
CDN,2024-09-21,1424
Portal,2024-09-21,1319
KG,2024-09-22,2069
API,2024-09-22,375
CDN,2024-09-22,1535
Apps,2024-09-22,153
Portal,2024-09-22,1975
API,2024-09-23,7132
CDN,2024-09-23,3806
Apps,2024-09-23,344
KG,2024-09-23,3737
Portal,2024-09-23,4060
CDN,2024-09-24,6412
KG,2024-09-24,6876
Portal,2024-09-24,3885
Apps,2024-09-24,368
API,2024-09-24,4208
Apps,2024-09-25,241
API,2024-09-25,1639
KG,2024-09-25,5402
CDN,2024-09-25,4753
Portal,2024-09-25,5489
API,2024-09-26,3662
CDN,2024-09-26,8602
Portal,2024-09-26,6869
KG,2024-09-26,6234
Apps,2024-09-26,384
Apps,2024-09-27,349
API,2024-09-27,6206
KG,2024-09-27,6075
CDN,2024-09-27,9624
Portal,2024-09-27,11277
Portal,2024-09-28,7262
Apps,2024-09-28,214
CDN,2024-09-28,4816
KG,2024-09-28,3996
API,2024-09-28,1656
API,2024-09-29,733
Apps,2024-09-29,171
CDN,2024-09-29,2391
KG,2024-09-29,3889
Portal,2024-09-29,4282
Apps,2024-09-30,187
API,2024-09-30,9407
Portal,2024-09-30,4944
KG,2024-09-30,4000
CDN,2024-09-30,4305
Portal,2024-10-01,8005
KG,2024-10-01,5174
CDN,2024-10-01,5600
Apps,2024-10-01,333
API,2024-10-01,2252
CDN,2024-10-02,4108
Apps,2024-10-02,302
Portal,2024-10-02,4465
KG,2024-10-02,3836
API,2024-10-02,1063
KG,2024-10-03,2957
Apps,2024-10-03,237
Portal,2024-10-03,4567
CDN,2024-10-03,3767
API,2024-10-03,1248
CDN,2024-10-04,3755
Apps,2024-10-04,284
KG,2024-10-04,7209
API,2024-10-04,1177
Portal,2024-10-04,4434
CDN,2024-10-05,1263
KG,2024-10-05,2299
API,2024-10-05,258
Apps,2024-10-05,177
Portal,2024-10-05,2230
CDN,2024-10-06,1480
KG,2024-10-06,2266
API,2024-10-06,415
Portal,2024-10-06,1195
Apps,2024-10-06,126
API,2024-10-07,609
Portal,2024-10-07,3660
CDN,2024-10-07,4110
Apps,2024-10-07,258
KG,2024-10-07,2688
CDN,2024-10-08,3692
API,2024-10-08,1068
Apps,2024-10-08,239
KG,2024-10-08,2715
Portal,2024-10-08,4710
Portal,2024-10-09,32922
CDN,2024-10-09,34550
Apps,2024-10-09,9831
API,2024-10-09,9125
KG,2024-10-09,5178
CDN,2024-10-10,4133
KG,2024-10-10,6195
API,2024-10-10,1245
Portal,2024-10-10,4166
Apps,2024-10-10,205
API,2024-10-11,1655
KG,2024-10-11,4445
CDN,2024-10-11,5770
Apps,2024-10-11,168
Portal,2024-10-11,2997
KG,2024-10-12,3215
API,2024-10-12,291
Portal,2024-10-12,1036
Apps,2024-10-12,111
CDN,2024-10-12,1169
KG,2024-10-13,2240
Apps,2024-10-13,197
Portal,2024-10-13,1183
API,2024-10-13,62
CDN,2024-10-13,1241
CDN,2024-10-14,2724
Apps,2024-10-14,218
Portal,2024-10-14,2876
API,2024-10-14,797
KG,2024-10-14,2778
CDN,2024-10-15,3137
API,2024-10-15,1022
Apps,2024-10-15,214
KG,2024-10-15,3209
Portal,2024-10-15,4847
Portal,2024-10-16,3352
API,2024-10-16,3933
KG,2024-10-16,3076
CDN,2024-10-16,3498
Apps,2024-10-16,230
Apps,2024-10-17,232
CDN,2024-10-17,3788
Portal,2024-10-17,2933
KG,2024-10-17,2959
API,2024-10-17,2357
API,2024-10-18,540
KG,2024-10-18,2658
CDN,2024-10-18,3013
Portal,2024-10-18,3089
Apps,2024-10-18,214
Apps,2024-10-19,140
CDN,2024-10-19,1376
KG,2024-10-19,2585
Portal,2024-10-19,1922
API,2024-10-19,285
KG,2024-10-20,3607
API,2024-10-20,332
Portal,2024-10-20,1614
CDN,2024-10-20,1348
Apps,2024-10-20,140
KG,2024-10-21,11595
Apps,2024-10-21,226
API,2024-10-21,896
Portal,2024-10-21,2770
CDN,2024-10-21,3137
CDN,2024-10-22,3855
Portal,2024-10-22,2483
Apps,2024-10-22,207
KG,2024-10-22,3397
API,2024-10-22,1764
Apps,2024-10-23,155
Portal,2024-10-23,2596
KG,2024-10-23,3991
CDN,2024-10-23,3202
API,2024-10-23,2478
Portal,2024-10-24,3029
Apps,2024-10-24,155
API,2024-10-24,900
KG,2024-10-24,3038
CDN,2024-10-24,2971
Apps,2024-10-25,170
CDN,2024-10-25,4017
API,2024-10-25,544
Portal,2024-10-25,4088
KG,2024-10-25,3156
Portal,2024-10-26,2924
KG,2024-10-26,3757
CDN,2024-10-26,1921
API,2024-10-26,222
Apps,2024-10-26,119
Portal,2024-10-27,1636
CDN,2024-10-27,2141
Apps,2024-10-27,144
KG,2024-10-27,2430
API,2024-10-27,252
KG,2024-10-28,3543
Apps,2024-10-28,6828
Portal,2024-10-28,123409
API,2024-10-28,1252
CDN,2024-10-28,7872
CDN,2024-10-29,4721
Apps,2024-10-29,314
Portal,2024-10-29,5119
KG,2024-10-29,16524
API,2024-10-29,756
KG,2024-10-30,13195
Apps,2024-10-30,398
API,2024-10-30,7244
Portal,2024-10-30,7178
CDN,2024-10-30,5811
KG,2024-10-31,4001
Portal,2024-10-31,4250
API,2024-10-31,3413
Apps,2024-10-31,407
CDN,2024-10-31,5858
API,2024-11-01,36124
CDN,2024-11-01,3100
Portal,2024-11-01,3759
KG,2024-11-01,2794
Apps,2024-11-01,473
Portal,2024-11-02,2229
API,2024-11-02,599
CDN,2024-11-02,1127
KG,2024-11-02,3347
Apps,2024-11-02,284
API,2024-11-03,442
Portal,2024-11-03,1656
Apps,2024-11-03,354
KG,2024-11-03,2710
CDN,2024-11-03,1483
API,2024-11-04,4524
CDN,2024-11-04,3704
Apps,2024-11-04,406
Portal,2024-11-04,4602
KG,2024-11-04,4278
API,2024-11-05,5631
CDN,2024-11-05,3630
KG,2024-11-05,6249
Apps,2024-11-05,423
Portal,2024-11-05,3654
CDN,2024-11-06,4126
API,2024-11-06,8169
Portal,2024-11-06,2752
Apps,2024-11-06,367
KG,2024-11-06,3414
CDN,2024-11-07,3821
API,2024-11-07,10468
Portal,2024-11-07,4925
KG,2024-11-07,3739
Apps,2024-11-07,339
KG,2024-11-08,4283
CDN,2024-11-08,4157
Portal,2024-11-08,4785
Apps,2024-11-08,345
API,2024-11-08,9438
Apps,2024-11-09,287
KG,2024-11-09,4363
API,2024-11-09,619
Portal,2024-11-09,1520
CDN,2024-11-09,3872
Apps,2024-11-10,274
Portal,2024-11-10,2623
API,2024-11-10,467
CDN,2024-11-10,1612
KG,2024-11-10,3041
Apps,2024-11-11,319
KG,2024-11-11,6246
API,2024-11-11,1998
Portal,2024-11-11,4620
CDN,2024-11-11,3736
Portal,2024-11-12,4563
CDN,2024-11-12,3800
Apps,2024-11-12,320
API,2024-11-12,973
KG,2024-11-12,3325
KG,2024-11-13,3527
API,2024-11-13,1226
Portal,2024-11-13,5265
CDN,2024-11-13,3508
Apps,2024-11-13,334
Portal,2024-11-14,4288
CDN,2024-11-14,3478
API,2024-11-14,2711
KG,2024-11-14,5478
Apps,2024-11-14,301
CDN,2024-11-15,3709
KG,2024-11-15,3382
Apps,2024-11-15,375
API,2024-11-15,10497
Portal,2024-11-15,4437
CDN,2024-11-16,1474
Portal,2024-11-16,2119
Apps,2024-11-16,299
KG,2024-11-16,2901
API,2024-11-16,798
CDN,2024-11-17,1502
Portal,2024-11-17,1710
KG,2024-11-17,2821
Apps,2024-11-17,295
API,2024-11-17,672
API,2024-11-18,19736
Portal,2024-11-18,2897
Apps,2024-11-18,410
KG,2024-11-18,4008
CDN,2024-11-18,4470
KG,2024-11-19,4271
CDN,2024-11-19,4636
Apps,2024-11-19,398
Portal,2024-11-19,4134
API,2024-11-19,33431
Apps,2024-11-20,494
Portal,2024-11-20,13017
API,2024-11-20,51488
KG,2024-11-20,4366
CDN,2024-11-20,5438
Apps,2024-11-21,787
KG,2024-11-21,3569
API,2024-11-21,1577
CDN,2024-11-21,4746
Portal,2024-11-21,6925
API,2024-11-22,2697
KG,2024-11-22,3947
Portal,2024-11-22,5966
CDN,2024-11-22,4196
Apps,2024-11-22,400
API,2024-11-23,1184
CDN,2024-11-23,1694
KG,2024-11-23,2977
Apps,2024-11-23,314
Portal,2024-11-23,3354
CDN,2024-11-24,1916
Apps,2024-11-24,356
KG,2024-11-24,3155
API,2024-11-24,492
Portal,2024-11-24,2359
Apps,2024-11-25,413
CDN,2024-11-25,4178
KG,2024-11-25,4530
API,2024-11-25,1696
Portal,2024-11-25,4957
Apps,2024-11-26,439
API,2024-11-26,2493
Portal,2024-11-26,4999
CDN,2024-11-26,4195
KG,2024-11-26,3494
CDN,2024-11-27,3585
Portal,2024-11-27,3520
API,2024-11-27,3450
Apps,2024-11-27,319
KG,2024-11-27,4430
API,2024-11-28,911
CDN,2024-11-28,2766
Portal,2024-11-28,3074
KG,2024-11-28,3246
Apps,2024-11-28,386
KG,2024-11-29,3326
API,2024-11-29,534
CDN,2024-11-29,2632
Apps,2024-11-29,348
Portal,2024-11-29,5185
CDN,2024-11-30,1442
Portal,2024-11-30,2612
API,2024-11-30,473
Apps,2024-11-30,394
KG,2024-11-30,8721
KG,2024-12-01,3320
Portal,2024-12-01,2134
API,2024-12-01,476
CDN,2024-12-01,1832
Apps,2024-12-01,337
KG,2024-12-02,3323
Portal,2024-12-02,5432
Apps,2024-12-02,345
CDN,2024-12-02,4161
API,2024-12-02,1222
API,2024-12-03,758
KG,2024-12-03,3446
Portal,2024-12-03,5770
Apps,2024-12-03,479
CDN,2024-12-03,5322
CDN,2024-12-04,6412
API,2024-12-04,1645
Portal,2024-12-04,6512
Apps,2024-12-04,578
KG,2024-12-04,3787
API,2024-12-05,985
KG,2024-12-05,14208
CDN,2024-12-05,4733
Apps,2024-12-05,488
Portal,2024-12-05,5283
Portal,2024-12-06,7475
API,2024-12-06,5381
KG,2024-12-06,9199
Apps,2024-12-06,623
CDN,2024-12-06,4654
Apps,2024-12-07,416
Portal,2024-12-07,12114
KG,2024-12-07,5549
CDN,2024-12-07,2107
API,2024-12-07,2256
CDN,2024-12-08,2196
Portal,2024-12-08,5564
KG,2024-12-08,4225
Apps,2024-12-08,365
API,2024-12-08,728
CDN,2024-12-09,8484
Portal,2024-12-09,6954
KG,2024-12-09,3636
API,2024-12-09,2247
Apps,2024-12-09,664
Apps,2024-12-10,625
API,2024-12-10,1993
KG,2024-12-10,8370
CDN,2024-12-10,7890
Portal,2024-12-10,10768
API,2024-12-11,2473
Portal,2024-12-11,14078
CDN,2024-12-11,7752
KG,2024-12-11,6928
Apps,2024-12-11,555
Apps,2024-12-12,507
CDN,2024-12-12,5005
API,2024-12-12,1024
Portal,2024-12-12,14359
KG,2024-12-12,6610
CDN,2024-12-13,7416
KG,2024-12-13,5937
Portal,2024-12-13,9911
Apps,2024-12-13,909
API,2024-12-13,2724
Portal,2024-12-14,12274
Apps,2024-12-14,446
API,2024-12-14,483
KG,2024-12-14,3223
CDN,2024-12-14,10601
KG,2024-12-15,3280
CDN,2024-12-15,1669
Apps,2024-12-15,381
API,2024-12-15,378
Portal,2024-12-15,11634
KG,2024-12-16,4017
CDN,2024-12-16,5066
API,2024-12-16,964
Portal,2024-12-16,12159
Apps,2024-12-16,912
KG,2024-12-17,3842
API,2024-12-17,1363
CDN,2024-12-17,5371
Apps,2024-12-17,767
Portal,2024-12-17,8464
KG,2024-12-18,3909
Apps,2024-12-18,908
API,2024-12-18,2645
CDN,2024-12-18,5229
Portal,2024-12-18,6928
API,2024-12-19,1884
KG,2024-12-19,3849
Apps,2024-12-19,501
CDN,2024-12-19,3988
Portal,2024-12-19,5561
CDN,2024-12-20,3031
API,2024-12-20,639
Portal,2024-12-20,4737
KG,2024-12-20,3656
Apps,2024-12-20,438
Portal,2024-12-21,2186
CDN,2024-12-21,1890
KG,2024-12-21,3275
Apps,2024-12-21,326
API,2024-12-21,526
Portal,2024-12-22,1605
Apps,2024-12-22,312
CDN,2024-12-22,1481
API,2024-12-22,455
KG,2024-12-22,3299
CDN,2024-12-23,2391
Apps,2024-12-23,891
KG,2024-12-23,3645
API,2024-12-23,478
Portal,2024-12-23,2711
CDN,2024-12-24,3182
KG,2024-12-24,3863
Portal,2024-12-24,2036
Apps,2024-12-24,1073
API,2024-12-24,901
KG,2024-12-25,4465
Apps,2024-12-25,349
Portal,2024-12-25,2453
API,2024-12-25,329
CDN,2024-12-25,1696
CDN,2024-12-26,1804
API,2024-12-26,448
Portal,2024-12-26,3073
Apps,2024-12-26,528
KG,2024-12-26,3551
API,2024-12-27,732
Portal,2024-12-27,2621
KG,2024-12-27,3548
Apps,2024-12-27,444
CDN,2024-12-27,1684
Portal,2024-12-28,3945
CDN,2024-12-28,1213
Apps,2024-12-28,441
API,2024-12-28,739
KG,2024-12-28,3061
API,2024-12-29,424
KG,2024-12-29,2758
Portal,2024-12-29,1601
CDN,2024-12-29,856
Apps,2024-12-29,372
KG,2024-12-30,4238
API,2024-12-30,1191
CDN,2024-12-30,1542
Portal,2024-12-30,3632
Apps,2024-12-30,431
API,2024-12-31,2718
KG,2024-12-31,3805
Apps,2024-12-31,366
Portal,2024-12-31,3428
CDN,2024-12-31,1370
API,2025-01-01,3921
CDN,2025-01-01,2220
Apps,2025-01-01,361
Portal,2025-01-01,1642
KG,2025-01-01,10156
CDN,2025-01-02,1795
Apps,2025-01-02,493
API,2025-01-02,1893
KG,2025-01-02,4677
Portal,2025-01-02,2902
KG,2025-01-03,3625
Apps,2025-01-03,656
Portal,2025-01-03,5558
CDN,2025-01-03,2490
API,2025-01-03,709
KG,2025-01-04,9661
API,2025-01-04,492
Portal,2025-01-04,4191
CDN,2025-01-04,870
Apps,2025-01-04,416
API,2025-01-05,529
KG,2025-01-05,23971
Apps,2025-01-05,352
CDN,2025-01-05,1683
Portal,2025-01-05,1687
CDN,2025-01-06,4085
Apps,2025-01-06,410
API,2025-01-06,650
KG,2025-01-06,3977
Portal,2025-01-06,3278
KG,2025-01-07,3103
Portal,2025-01-07,3964
Apps,2025-01-07,382
CDN,2025-01-07,3080
API,2025-01-07,857
API,2025-01-08,889
Apps,2025-01-08,522
Portal,2025-01-08,3267
CDN,2025-01-08,4135
KG,2025-01-08,3735
KG,2025-01-09,3650
CDN,2025-01-09,4643
API,2025-01-09,1768
Portal,2025-01-09,3775
Apps,2025-01-09,445
KG,2025-01-10,2825
Apps,2025-01-10,529
CDN,2025-01-10,3499
API,2025-01-10,815
Portal,2025-01-10,4040
API,2025-01-11,531
CDN,2025-01-11,1540
Apps,2025-01-11,539
Portal,2025-01-11,2518
KG,2025-01-11,3311
CDN,2025-01-12,2135
Portal,2025-01-12,2631
Apps,2025-01-12,418
KG,2025-01-12,6485
API,2025-01-12,514
Portal,2025-01-13,4132
API,2025-01-13,1167
Apps,2025-01-13,776
CDN,2025-01-13,4251
KG,2025-01-13,3718
CDN,2025-01-14,4385
Apps,2025-01-14,601
KG,2025-01-14,3664
Portal,2025-01-14,6100
API,2025-01-14,802
KG,2025-01-15,3663
Portal,2025-01-15,5400
CDN,2025-01-15,5513
Apps,2025-01-15,743
API,2025-01-15,1213
KG,2025-01-16,3557
Apps,2025-01-16,644
API,2025-01-16,714
Portal,2025-01-16,3501
CDN,2025-01-16,4698
Apps,2025-01-17,777
KG,2025-01-17,4149
API,2025-01-17,744
CDN,2025-01-17,4323
Portal,2025-01-17,5273
KG,2025-01-18,3064
Portal,2025-01-18,2533
Apps,2025-01-18,373
CDN,2025-01-18,2005
API,2025-01-18,549
Portal,2025-01-19,1816
KG,2025-01-19,3587
CDN,2025-01-19,1653
Apps,2025-01-19,427
API,2025-01-19,484
KG,2025-01-20,3448
Portal,2025-01-20,2472
CDN,2025-01-20,3033
Apps,2025-01-20,477
API,2025-01-20,1232
KG,2025-01-21,3911
CDN,2025-01-21,3598
API,2025-01-21,1441
Apps,2025-01-21,729
Portal,2025-01-21,4399
KG,2025-01-22,3322
Portal,2025-01-22,3452
Apps,2025-01-22,698
API,2025-01-22,3047
CDN,2025-01-22,5048
Portal,2025-01-23,3544
API,2025-01-23,1480
KG,2025-01-23,3395
CDN,2025-01-23,4413
Apps,2025-01-23,715
CDN,2025-01-24,4743
Apps,2025-01-24,1025
KG,2025-01-24,3820
API,2025-01-24,1077
Portal,2025-01-24,4342
API,2025-01-25,396
Portal,2025-01-25,1826
KG,2025-01-25,3463
CDN,2025-01-25,1342
Apps,2025-01-25,413
Portal,2025-01-26,2144
CDN,2025-01-26,1292
Apps,2025-01-26,427
API,2025-01-26,552
KG,2025-01-26,6433
Apps,2025-01-27,904
CDN,2025-01-27,3871
API,2025-01-27,6574
Portal,2025-01-27,4018
KG,2025-01-27,3818
Apps,2025-01-28,728
KG,2025-01-28,4290
CDN,2025-01-28,5795
Portal,2025-01-28,3921
API,2025-01-28,1633
Apps,2025-01-29,867
Portal,2025-01-29,12364
KG,2025-01-29,4071
CDN,2025-01-29,4739
API,2025-01-29,1108
Portal,2025-01-30,4801
CDN,2025-01-30,4105
KG,2025-01-30,2955
Apps,2025-01-30,552
API,2025-01-30,1180
Portal,2025-01-31,4160
Apps,2025-01-31,616
API,2025-01-31,1328
KG,2025-01-31,3016
CDN,2025-01-31,4265
KG,2025-02-01,2970
CDN,2025-02-01,1791
Portal,2025-02-01,2235
Apps,2025-02-01,658
API,2025-02-01,654
API,2025-02-02,413
CDN,2025-02-02,1309
Portal,2025-02-02,2258
KG,2025-02-02,2680
Apps,2025-02-02,412
KG,2025-02-03,3419
CDN,2025-02-03,3996
API,2025-02-03,1110
Apps,2025-02-03,635
Portal,2025-02-03,3651
CDN,2025-02-04,4181
Apps,2025-02-04,827
KG,2025-02-04,3501
Portal,2025-02-04,4274
API,2025-02-04,11198
API,2025-02-05,3166
CDN,2025-02-05,5498
Portal,2025-02-05,3754
Apps,2025-02-05,773
KG,2025-02-05,4184
KG,2025-02-06,3689
CDN,2025-02-06,6056
Portal,2025-02-06,3429
API,2025-02-06,1236
Apps,2025-02-06,856
CDN,2025-02-07,3830
KG,2025-02-07,3053
Apps,2025-02-07,664
API,2025-02-07,1596
Portal,2025-02-07,3970
Apps,2025-02-08,412
KG,2025-02-08,3392
CDN,2025-02-08,1393
Portal,2025-02-08,2218
API,2025-02-08,605
KG,2025-02-09,3281
CDN,2025-02-09,1466
API,2025-02-09,613
Portal,2025-02-09,3587
Apps,2025-02-09,405
KG,2025-02-10,3346
Apps,2025-02-10,773
CDN,2025-02-10,4615
API,2025-02-10,1703
Portal,2025-02-10,4747
KG,2025-02-11,3659
CDN,2025-02-11,4226
Apps,2025-02-11,503
API,2025-02-11,1325
Portal,2025-02-11,4221
KG,2025-02-12,4845
CDN,2025-02-12,4746
Apps,2025-02-12,660
Portal,2025-02-12,5747
API,2025-02-12,2981
KG,2025-02-13,3953
CDN,2025-02-13,4343
API,2025-02-13,1283
Portal,2025-02-13,4794
Apps,2025-02-13,526
KG,2025-02-14,3984
CDN,2025-02-14,3690
API,2025-02-14,2088
Apps,2025-02-14,562
Portal,2025-02-14,4148
CDN,2025-02-15,1479
API,2025-02-15,464
Apps,2025-02-15,371
KG,2025-02-15,15806
Portal,2025-02-15,2105
CDN,2025-02-16,1352
API,2025-02-16,441
Apps,2025-02-16,309
Portal,2025-02-16,1517
KG,2025-02-16,3064
Apps,2025-02-17,522
Portal,2025-02-17,3158
KG,2025-02-17,4996
API,2025-02-17,1982
CDN,2025-02-17,3253
Apps,2025-02-18,614
API,2025-02-18,1524
Portal,2025-02-18,3251
CDN,2025-02-18,4994
KG,2025-02-18,3943
KG,2025-02-19,5903
API,2025-02-19,1915
CDN,2025-02-19,7227
Apps,2025-02-19,769
Portal,2025-02-19,4190
Portal,2025-02-20,3700
API,2025-02-20,1209
KG,2025-02-20,4849
Apps,2025-02-20,729
CDN,2025-02-20,4871
KG,2025-02-21,4045
Apps,2025-02-21,711
CDN,2025-02-21,4543
API,2025-02-21,2111
Portal,2025-02-21,3028
Portal,2025-02-22,1655
CDN,2025-02-22,6632
API,2025-02-22,791
KG,2025-02-22,3126
Apps,2025-02-22,400
Apps,2025-02-23,395
KG,2025-02-23,3234
CDN,2025-02-23,1779
Portal,2025-02-23,2020
API,2025-02-23,617
KG,2025-02-24,3577
Portal,2025-02-24,4953
Apps,2025-02-24,845
API,2025-02-24,2129
CDN,2025-02-24,6159
KG,2025-02-25,20251
CDN,2025-02-25,5506
API,2025-02-25,1809
Portal,2025-02-25,4461
Apps,2025-02-25,774
Apps,2025-02-26,793
CDN,2025-02-26,6828
API,2025-02-26,2808
Portal,2025-02-26,4115
KG,2025-02-26,5424
Apps,2025-02-27,554
CDN,2025-02-27,5188
Portal,2025-02-27,6326
API,2025-02-27,3274
KG,2025-02-27,5560
Portal,2025-02-28,4859
API,2025-02-28,6904
CDN,2025-02-28,5200
KG,2025-02-28,18456
Apps,2025-02-28,609
API,2025-03-01,313
Apps,2025-03-01,325
CDN,2025-03-01,1613
Portal,2025-03-01,1770
KG,2025-03-01,3618
Portal,2025-03-02,1884
KG,2025-03-02,4243
Apps,2025-03-02,408
CDN,2025-03-02,1945
API,2025-03-02,731
Portal,2025-03-03,3122
API,2025-03-03,1611
KG,2025-03-03,4465
CDN,2025-03-03,4961
Apps,2025-03-03,479
KG,2025-03-04,3990
Apps,2025-03-04,625
CDN,2025-03-04,6481
Portal,2025-03-04,3029
API,2025-03-04,1575
Apps,2025-03-05,609
Portal,2025-03-05,3992
KG,2025-03-05,4593
API,2025-03-05,3495
CDN,2025-03-05,5712
API,2025-03-06,3106
Portal,2025-03-06,2873
CDN,2025-03-06,6662
Apps,2025-03-06,688
KG,2025-03-06,4712
Portal,2025-03-07,3646
Apps,2025-03-07,1423
KG,2025-03-07,3472
CDN,2025-03-07,8909
API,2025-03-07,1396
KG,2025-03-08,3307
Apps,2025-03-08,507
CDN,2025-03-08,1775
API,2025-03-08,665
Portal,2025-03-08,2135
Portal,2025-03-09,2104
Apps,2025-03-09,468
CDN,2025-03-09,2949
KG,2025-03-09,3446
API,2025-03-09,671
Portal,2025-03-10,2653
API,2025-03-10,4480
KG,2025-03-10,11773
CDN,2025-03-10,6353
Apps,2025-03-10,566
Apps,2025-03-11,696
CDN,2025-03-11,6143
KG,2025-03-11,4025
Portal,2025-03-11,3588
API,2025-03-11,2059
Portal,2025-03-12,4553
KG,2025-03-12,5304
Apps,2025-03-12,632
CDN,2025-03-12,7375
API,2025-03-12,3110
Portal,2025-03-13,5930
CDN,2025-03-13,5619
API,2025-03-13,1313
KG,2025-03-13,5425
Apps,2025-03-13,750
Apps,2025-03-14,911
Portal,2025-03-14,6987
CDN,2025-03-14,6757
API,2025-03-14,2581
KG,2025-03-14,5585
API,2025-03-15,626
Apps,2025-03-15,420
KG,2025-03-15,3938
CDN,2025-03-15,1955
Portal,2025-03-15,4169
KG,2025-03-16,3090
Portal,2025-03-16,3357
API,2025-03-16,472
CDN,2025-03-16,1745
Apps,2025-03-16,471
API,2025-03-17,5413
KG,2025-03-17,5067
Portal,2025-03-17,8460
CDN,2025-03-17,5365
Apps,2025-03-17,919
Portal,2025-03-18,6762
CDN,2025-03-18,3994
API,2025-03-18,1333
KG,2025-03-18,4485
Apps,2025-03-18,530
Apps,2025-03-19,565
Portal,2025-03-19,6962
KG,2025-03-19,4256
CDN,2025-03-19,4031
API,2025-03-19,1654
API,2025-03-20,1423
CDN,2025-03-20,3456
KG,2025-03-20,4732
Portal,2025-03-20,6507
Apps,2025-03-20,538
API,2025-03-21,816
Portal,2025-03-21,7042
KG,2025-03-21,4292
Apps,2025-03-21,610
CDN,2025-03-21,3300
KG,2025-03-22,4036
Portal,2025-03-22,5631
CDN,2025-03-22,1141
API,2025-03-22,881
Apps,2025-03-22,513
Portal,2025-03-23,6526
KG,2025-03-23,3723
Apps,2025-03-23,477
CDN,2025-03-23,1811
API,2025-03-23,1105
API,2025-03-24,1831
Portal,2025-03-24,8145
KG,2025-03-24,6423
CDN,2025-03-24,3564
Apps,2025-03-24,568
KG,2025-03-25,6888
API,2025-03-25,2967
Portal,2025-03-25,7148
CDN,2025-03-25,4483
Apps,2025-03-25,785
API,2025-03-26,4407
CDN,2025-03-26,5193
Portal,2025-03-26,4109
Apps,2025-03-26,754
KG,2025-03-26,5594
Portal,2025-03-27,4020
Apps,2025-03-27,557
API,2025-03-27,2233
CDN,2025-03-27,5060
KG,2025-03-27,4631
CDN,2025-03-28,6812
KG,2025-03-28,7034
Portal,2025-03-28,3742
Apps,2025-03-28,579
API,2025-03-28,6111
API,2025-03-29,559
KG,2025-03-29,5507
Portal,2025-03-29,2316
Apps,2025-03-29,484
CDN,2025-03-29,1834
API,2025-03-30,437
Portal,2025-03-30,3577
KG,2025-03-30,4347
CDN,2025-03-30,2429
Apps,2025-03-30,583
API,2025-03-31,2033
Portal,2025-03-31,3149
Apps,2025-03-31,513
CDN,2025-03-31,4374
KG,2025-03-31,3756
API,2025-04-01,5025
Portal,2025-04-01,3090
Apps,2025-04-01,430
CDN,2025-04-01,5088
KG,2025-04-01,9191
Portal,2025-04-02,5311
Apps,2025-04-02,892
KG,2025-04-02,9384
API,2025-04-02,5356
CDN,2025-04-02,6372
Apps,2025-04-03,635
CDN,2025-04-03,6047
Portal,2025-04-03,4200
API,2025-04-03,1940
KG,2025-04-03,4040
CDN,2025-04-04,4431
KG,2025-04-04,5037
Portal,2025-04-04,3947
Apps,2025-04-04,644
API,2025-04-04,953
CDN,2025-04-05,1932
Apps,2025-04-05,440
KG,2025-04-05,3417
API,2025-04-05,599
Portal,2025-04-05,1906
Portal,2025-04-06,1435
API,2025-04-06,425
Apps,2025-04-06,588
CDN,2025-04-06,2087
KG,2025-04-06,3971
CDN,2025-04-07,5984
KG,2025-04-07,4089
API,2025-04-07,3010
Apps,2025-04-07,705
Portal,2025-04-07,3062
API,2025-04-08,2484
Portal,2025-04-08,5153
Apps,2025-04-08,793
CDN,2025-04-08,6722
KG,2025-04-08,11745
Apps,2025-04-09,715
KG,2025-04-09,8457
Portal,2025-04-09,3915
CDN,2025-04-09,5635
API,2025-04-09,1428
Apps,2025-04-10,910
CDN,2025-04-10,5540
Portal,2025-04-10,4699
API,2025-04-10,1458
KG,2025-04-10,3969
Apps,2025-04-11,1142
Portal,2025-04-11,8483
API,2025-04-11,3704
CDN,2025-04-11,9143
KG,2025-04-11,4529
API,2025-04-12,554
Apps,2025-04-12,594
KG,2025-04-12,4185
CDN,2025-04-12,2325
Portal,2025-04-12,2180
Apps,2025-04-13,708
Portal,2025-04-13,2699
KG,2025-04-13,3392
CDN,2025-04-13,2751
API,2025-04-13,609
API,2025-04-14,2249
Portal,2025-04-14,4190
Apps,2025-04-14,733
CDN,2025-04-14,5968
KG,2025-04-14,4128
Apps,2025-04-15,1180
Portal,2025-04-15,5093
CDN,2025-04-15,7883
API,2025-04-15,3647
KG,2025-04-15,3408
Portal,2025-04-16,5293
Apps,2025-04-16,829
KG,2025-04-16,3632
CDN,2025-04-16,6663
API,2025-04-16,2444
API,2025-04-17,8216
CDN,2025-04-17,6980
Portal,2025-04-17,3754
Apps,2025-04-17,953
KG,2025-04-17,4095
Portal,2025-04-18,7841
API,2025-04-18,1218
KG,2025-04-18,3642
Apps,2025-04-18,1273
CDN,2025-04-18,4099
Portal,2025-04-19,2066
API,2025-04-19,532
CDN,2025-04-19,2141
KG,2025-04-19,13690
Apps,2025-04-19,552
API,2025-04-20,349
Apps,2025-04-20,316
CDN,2025-04-20,1988
Portal,2025-04-20,1711
KG,2025-04-20,6768
API,2025-04-21,2589
CDN,2025-04-21,4479
Apps,2025-04-21,520
Portal,2025-04-21,2874
KG,2025-04-21,3243
KG,2025-04-22,3925
CDN,2025-04-22,6543
Portal,2025-04-22,4085
Apps,2025-04-22,927
API,2025-04-22,1658
API,2025-04-23,6621
KG,2025-04-23,3426
Apps,2025-04-23,573
Portal,2025-04-23,3094
CDN,2025-04-23,5371
KG,2025-04-24,5426
Apps,2025-04-24,860
CDN,2025-04-24,5602
API,2025-04-24,2440
Portal,2025-04-24,5439
Apps,2025-04-25,753
KG,2025-04-25,3889
API,2025-04-25,3770
Portal,2025-04-25,3523
CDN,2025-04-25,4809
Portal,2025-04-26,2025
KG,2025-04-26,4065
API,2025-04-26,485
Apps,2025-04-26,448
CDN,2025-04-26,2297
API,2025-04-27,774
Apps,2025-04-27,392
KG,2025-04-27,3218
Portal,2025-04-27,2399
CDN,2025-04-27,2602
Apps,2025-04-28,441
CDN,2025-04-28,4836
KG,2025-04-28,3605
API,2025-04-28,1027
Portal,2025-04-28,3688
CDN,2025-04-29,4910
KG,2025-04-29,3646
Portal,2025-04-29,5150
API,2025-04-29,3720
Apps,2025-04-29,492
Apps,2025-04-30,358
API,2025-04-30,725
CDN,2025-04-30,4346
Portal,2025-04-30,3551
KG,2025-04-30,3488
Apps,2025-05-01,618
KG,2025-05-01,4416
API,2025-05-01,4921
CDN,2025-05-01,3683
Portal,2025-05-01,3352
API,2025-05-02,3156
CDN,2025-05-02,4462
Apps,2025-05-02,638
Portal,2025-05-02,3549
KG,2025-05-02,3554
Apps,2025-05-03,599
API,2025-05-03,504
KG,2025-05-03,3125
CDN,2025-05-03,1905
Portal,2025-05-03,1846
API,2025-05-04,437
Apps,2025-05-04,450
CDN,2025-05-04,2294
Portal,2025-05-04,1610
KG,2025-05-04,2941
KG,2025-05-05,14002
Portal,2025-05-05,2253
CDN,2025-05-05,3752
API,2025-05-05,912
Apps,2025-05-05,540
CDN,2025-05-06,4852
Apps,2025-05-06,604
Portal,2025-05-06,2950
API,2025-05-06,5185
KG,2025-05-06,6907
API,2025-05-07,1596
Portal,2025-05-07,3576
CDN,2025-05-07,4446
KG,2025-05-07,3879
Apps,2025-05-07,817
KG,2025-05-08,3871
Apps,2025-05-08,448
CDN,2025-05-08,4517
Portal,2025-05-08,3358
API,2025-05-08,950
Portal,2025-05-09,3262
Apps,2025-05-09,848
API,2025-05-09,1413
CDN,2025-05-09,4486
KG,2025-05-09,3372
CDN,2025-05-10,2796
KG,2025-05-10,4534
API,2025-05-10,463
Apps,2025-05-10,2799
Portal,2025-05-10,2684
API,2025-05-11,331
Portal,2025-05-11,1416
KG,2025-05-11,4192
CDN,2025-05-11,1389
Apps,2025-05-11,444
CDN,2025-05-12,4865
API,2025-05-12,1183
Apps,2025-05-12,607
KG,2025-05-12,4319
Portal,2025-05-12,3920
KG,2025-05-13,12242
API,2025-05-13,1423
CDN,2025-05-13,4497
Portal,2025-05-13,3312
Apps,2025-05-13,623
CDN,2025-05-14,4809
KG,2025-05-14,3781
API,2025-05-14,2912
Portal,2025-05-14,3193
Apps,2025-05-14,594
Portal,2025-05-15,3599
KG,2025-05-15,5135
CDN,2025-05-15,4832
API,2025-05-15,2171
Apps,2025-05-15,487
Portal,2025-05-16,2544
KG,2025-05-16,3193
API,2025-05-16,2041
Apps,2025-05-16,513
CDN,2025-05-16,4547
CDN,2025-05-17,1576
API,2025-05-17,320
Portal,2025-05-17,1437
KG,2025-05-17,2888
Apps,2025-05-17,386
API,2025-05-18,443
KG,2025-05-18,2747
CDN,2025-05-18,1457
Portal,2025-05-18,1501
Apps,2025-05-18,645
CDN,2025-05-19,3609
Portal,2025-05-19,2737
API,2025-05-19,5369
Apps,2025-05-19,595
KG,2025-05-19,3427
CDN,2025-05-20,4937
Apps,2025-05-20,615
KG,2025-05-20,4357
API,2025-05-20,5316
Portal,2025-05-20,3199
Apps,2025-05-21,891
Portal,2025-05-21,3833
API,2025-05-21,2740
CDN,2025-05-21,4877
KG,2025-05-21,5422
CDN,2025-05-22,6585
API,2025-05-22,1590
Portal,2025-05-22,4030
KG,2025-05-22,4001
Apps,2025-05-22,687
KG,2025-05-23,4540
Apps,2025-05-23,1193
API,2025-05-23,2124
Portal,2025-05-23,3240
CDN,2025-05-23,5921
Apps,2025-05-24,1085
KG,2025-05-24,3137
API,2025-05-24,525
Portal,2025-05-24,1282
CDN,2025-05-24,2097
CDN,2025-05-25,1843
API,2025-05-25,571
KG,2025-05-25,3332
Portal,2025-05-25,1671
Apps,2025-05-25,382
CDN,2025-05-26,5126
Apps,2025-05-26,907
KG,2025-05-26,7142
API,2025-05-26,2819
Portal,2025-05-26,1953
CDN,2025-05-27,9422
KG,2025-05-27,5808
Apps,2025-05-27,1594
API,2025-05-27,8442
Portal,2025-05-27,3685
API,2025-05-28,5635
Apps,2025-05-28,1281
CDN,2025-05-28,9314
Portal,2025-05-28,3833
KG,2025-05-28,7087
Apps,2025-05-29,808
API,2025-05-29,10649
Portal,2025-05-29,4242
CDN,2025-05-29,7900
KG,2025-05-29,5040
API,2025-05-30,5634
Apps,2025-05-30,670
KG,2025-05-30,4780
Portal,2025-05-30,2545
CDN,2025-05-30,5042
Apps,2025-05-31,565
KG,2025-05-31,4954
CDN,2025-05-31,1585
API,2025-05-31,1352
Portal,2025-05-31,1822
Apps,2025-06-01,560
API,2025-06-01,1304
Portal,2025-06-01,2296
CDN,2025-06-01,1836
KG,2025-06-01,4568
CDN,2025-06-02,4110
API,2025-06-02,4330
Apps,2025-06-02,750
Portal,2025-06-02,3447
KG,2025-06-02,3752
API,2025-06-03,4018
Portal,2025-06-03,2954
Apps,2025-06-03,934
CDN,2025-06-03,4807
KG,2025-06-03,10767
Portal,2025-06-04,4650
KG,2025-06-04,4768
CDN,2025-06-04,4683
API,2025-06-04,1268
Apps,2025-06-04,959
KG,2025-06-05,4330
Apps,2025-06-05,1150
API,2025-06-05,1259
Portal,2025-06-05,3891
CDN,2025-06-05,6592
Portal,2025-06-06,3103
KG,2025-06-06,4480
API,2025-06-06,1438
CDN,2025-06-06,6845
Apps,2025-06-06,1000
CDN,2025-06-07,2169
KG,2025-06-07,3055
Apps,2025-06-07,641
API,2025-06-07,658
Portal,2025-06-07,3096
Apps,2025-06-08,554
Portal,2025-06-08,1935
API,2025-06-08,734
CDN,2025-06-08,6539
KG,2025-06-08,4300
Apps,2025-06-09,1081
KG,2025-06-09,4189
CDN,2025-06-09,9124
API,2025-06-09,1258
Portal,2025-06-09,3138
Portal,2025-06-10,8744
Apps,2025-06-10,2876
CDN,2025-06-10,9164
KG,2025-06-10,12030
API,2025-06-10,3391
API,2025-06-11,2707
Portal,2025-06-11,4736
CDN,2025-06-11,14002
KG,2025-06-11,7131
Apps,2025-06-11,1321
Portal,2025-06-12,8842
CDN,2025-06-12,11003
KG,2025-06-12,4830
API,2025-06-12,2065
Apps,2025-06-12,4111
API,2025-06-13,1927
Apps,2025-06-13,2592
KG,2025-06-13,5285
Portal,2025-06-13,6439
CDN,2025-06-13,9196
Portal,2025-06-14,2496
KG,2025-06-14,3317
API,2025-06-14,614
CDN,2025-06-14,7133
Apps,2025-06-14,855
Apps,2025-06-15,1336
Portal,2025-06-15,3535
API,2025-06-15,428
KG,2025-06-15,3913
CDN,2025-06-15,13416
API,2025-06-16,1118
CDN,2025-06-16,15677
KG,2025-06-16,6064
Apps,2025-06-16,1396
Portal,2025-06-16,5010
Apps,2025-06-17,1496
API,2025-06-17,1028
KG,2025-06-17,14673
Portal,2025-06-17,5200
CDN,2025-06-17,11005
CDN,2025-06-18,11320
Portal,2025-06-18,6796
KG,2025-06-18,6844
Apps,2025-06-18,2445
API,2025-06-18,1776
KG,2025-06-19,4918
Apps,2025-06-19,1249
CDN,2025-06-19,15969
Portal,2025-06-19,5255
API,2025-06-19,501
KG,2025-06-20,6235
Portal,2025-06-20,4271
API,2025-06-20,1133
Apps,2025-06-20,1494
CDN,2025-06-20,21359
KG,2025-06-21,6056
CDN,2025-06-21,19155
Portal,2025-06-21,2614
API,2025-06-21,487
Apps,2025-06-21,779
Portal,2025-06-22,3056
API,2025-06-22,398
Apps,2025-06-22,606
KG,2025-06-22,4263
CDN,2025-06-22,25458
KG,2025-06-23,8476
Portal,2025-06-23,5664
Apps,2025-06-23,3410
API,2025-06-23,1882
CDN,2025-06-23,22902
Apps,2025-06-24,2330
Portal,2025-06-24,5061
CDN,2025-06-24,22578
KG,2025-06-24,7725
API,2025-06-24,2673
Apps,2025-06-25,1488
Portal,2025-06-25,3687
API,2025-06-25,809
CDN,2025-06-25,17631
KG,2025-06-25,5761
API,2025-06-26,1627
Apps,2025-06-26,1822
Portal,2025-06-26,4393
CDN,2025-06-26,14109
KG,2025-06-26,6336
API,2025-06-27,7445
CDN,2025-06-27,7750
Apps,2025-06-27,1534
Portal,2025-06-27,4833
KG,2025-06-27,6696
Apps,2025-06-28,992
Portal,2025-06-28,1581
CDN,2025-06-28,59428
KG,2025-06-28,3801
API,2025-06-28,385
Portal,2025-06-29,2611
KG,2025-06-29,4201
CDN,2025-06-29,49556
Apps,2025-06-29,562
API,2025-06-29,582
CDN,2025-06-30,11999
KG,2025-06-30,7358
Portal,2025-06-30,5386
Apps,2025-06-30,1736
API,2025-06-30,1737
KG,2025-07-01,7405
API,2025-07-01,4258
Apps,2025-07-01,1367
CDN,2025-07-01,16064
Portal,2025-07-01,6944
API,2025-07-02,5419
KG,2025-07-02,7995
Apps,2025-07-02,1676
Portal,2025-07-02,5191
CDN,2025-07-02,7355
Portal,2025-07-03,4205
API,2025-07-03,7289
Apps,2025-07-03,2055
KG,2025-07-03,6238
CDN,2025-07-03,5440
Portal,2025-07-04,2444
KG,2025-07-04,3939
CDN,2025-07-04,5718
API,2025-07-04,500
Apps,2025-07-04,1190
Apps,2025-07-05,725
Portal,2025-07-05,2746
CDN,2025-07-05,7949
KG,2025-07-05,5243
API,2025-07-05,509
KG,2025-07-06,4897
Apps,2025-07-06,580
CDN,2025-07-06,3216
Portal,2025-07-06,2203
API,2025-07-06,391
Portal,2025-07-07,3719
KG,2025-07-07,5370
CDN,2025-07-07,4731
Apps,2025-07-07,951
API,2025-07-07,2934
Portal,2025-07-08,4120
CDN,2025-07-08,4756
Apps,2025-07-08,2241
KG,2025-07-08,4566
API,2025-07-08,1416
Apps,2025-07-09,1441
CDN,2025-07-09,7303
KG,2025-07-09,7472
Portal,2025-07-09,4894
API,2025-07-09,2682
KG,2025-07-10,31325
CDN,2025-07-10,7017
API,2025-07-10,6126
Apps,2025-07-10,2102
Portal,2025-07-10,4793
API,2025-07-11,1619
Portal,2025-07-11,4905
KG,2025-07-11,4916
Apps,2025-07-11,1340
CDN,2025-07-11,27733
Apps,2025-07-12,804
CDN,2025-07-12,4813
API,2025-07-12,386
Portal,2025-07-12,2629
KG,2025-07-12,4660
Portal,2025-07-13,2863
API,2025-07-13,575
CDN,2025-07-13,1852
Apps,2025-07-13,1245
KG,2025-07-13,4947
CDN,2025-07-14,4044
Portal,2025-07-14,3855
API,2025-07-14,5379
Apps,2025-07-14,930
KG,2025-07-14,10032
KG,2025-07-15,7155
Portal,2025-07-15,4811
API,2025-07-15,1689
Apps,2025-07-15,1721
CDN,2025-07-15,4684
KG,2025-07-16,9227
API,2025-07-16,4777
Apps,2025-07-16,908
Portal,2025-07-16,5536
CDN,2025-07-16,3271
API,2025-07-17,3149
Apps,2025-07-17,920
Portal,2025-07-17,3983
KG,2025-07-17,7811
CDN,2025-07-17,4257
KG,2025-07-18,8655
Portal,2025-07-18,5671
CDN,2025-07-18,6185
Apps,2025-07-18,1425
API,2025-07-18,3484
API,2025-07-19,405
Apps,2025-07-19,1457
Portal,2025-07-19,2993
CDN,2025-07-19,6812
KG,2025-07-19,4335
API,2025-07-20,898
Apps,2025-07-20,1359
CDN,2025-07-20,4400
Portal,2025-07-20,3064
KG,2025-07-20,4913
Apps,2025-07-21,956
API,2025-07-21,2370
CDN,2025-07-21,5931
Portal,2025-07-21,5197
KG,2025-07-21,6278
KG,2025-07-22,17072
API,2025-07-22,4048
CDN,2025-07-22,9348
Portal,2025-07-22,5908
Apps,2025-07-22,1806
Apps,2025-07-23,1253
KG,2025-07-23,21768
Portal,2025-07-23,3646
API,2025-07-23,2276
CDN,2025-07-23,7252
Portal,2025-07-24,4383
API,2025-07-24,3323
KG,2025-07-24,24401
CDN,2025-07-24,6090
Apps,2025-07-24,1551
Portal,2025-07-25,7006
KG,2025-07-25,16579
CDN,2025-07-25,5451
Apps,2025-07-25,1628
API,2025-07-25,2003
API,2025-07-26,859
Apps,2025-07-26,2248
Portal,2025-07-26,6341
KG,2025-07-26,5594
CDN,2025-07-26,4610
Apps,2025-07-27,492
CDN,2025-07-27,4501
API,2025-07-27,394
KG,2025-07-27,5058
Portal,2025-07-27,2862
API,2025-07-28,5795
Portal,2025-07-28,6174
CDN,2025-07-28,5398
Apps,2025-07-28,1552
KG,2025-07-28,52415
Portal,2025-07-29,8507
KG,2025-07-29,35469
CDN,2025-07-29,5768
API,2025-07-29,3525
Apps,2025-07-29,1270
Apps,2025-07-30,1304
KG,2025-07-30,55428
API,2025-07-30,6065
CDN,2025-07-30,7070
Portal,2025-07-30,4669
API,2025-07-31,4627
CDN,2025-07-31,8831
KG,2025-07-31,49574
Portal,2025-07-31,4666
Apps,2025-07-31,1845
API,2025-08-01,3460
Apps,2025-08-01,1921
CDN,2025-08-01,9134
Portal,2025-08-01,5449
KG,2025-08-01,23397
CDN,2025-08-02,2169
Portal,2025-08-02,3347
Apps,2025-08-02,831
KG,2025-08-02,4282
API,2025-08-02,15138
API,2025-08-03,815
Portal,2025-08-03,2962
CDN,2025-08-03,1809
Apps,2025-08-03,475
KG,2025-08-03,2983
CDN,2025-08-04,7501
KG,2025-08-04,7124
Apps,2025-08-04,3015
Portal,2025-08-04,13322
API,2025-08-04,5378
API,2025-08-05,2396
KG,2025-08-05,7971
Portal,2025-08-05,4881
Events,2025-08-05,43
CDN,2025-08-05,5965
Apps,2025-08-05,1070
API,2025-08-06,1198
CDN,2025-08-06,6209
KG,2025-08-06,5049
Portal,2025-08-06,6616
Apps,2025-08-06,1499
Events,2025-08-07,4
Portal,2025-08-07,5662
API,2025-08-07,1207
KG,2025-08-07,5082
CDN,2025-08-07,4042
Apps,2025-08-07,1072
KG,2025-08-08,2814
Portal,2025-08-08,2354
CDN,2025-08-08,3479
Events,2025-08-08,8
Apps,2025-08-08,980
API,2025-08-08,572
Apps,2025-08-10,1137
Portal,2025-08-10,4023
KG,2025-08-10,4556
API,2025-08-10,463
CDN,2025-08-10,2523