user,date,requests
HuBMAP,2025-08-07,1934
HuBMAP,2025-08-06,1567
HuBMAP,2025-08-05,2571
HuBMAP,2025-08-04,2311
HuBMAP,2025-08-03,1706
HuBMAP,2025-08-02,1527
HuBMAP,2025-08-01,2042
HuBMAP,2025-07-31,1928
HuBMAP,2025-07-30,1690
HuBMAP,2025-07-29,2039
HuBMAP,2025-07-28,1806
HuBMAP,2025-07-27,1617
HuBMAP,2025-07-26,1542
HuBMAP,2025-07-25,1793
HuBMAP,2025-07-24,1676
HuBMAP,2025-07-23,1801
HuBMAP,2025-07-22,2006
HuBMAP,2025-07-21,1768
HuBMAP,2025-07-20,1517
HuBMAP,2025-07-19,1601
HuBMAP,2025-07-18,1768
HuBMAP,2025-07-17,1675
HuBMAP,2025-07-16,1617
HuBMAP,2025-07-15,1759
HuBMAP,2025-07-14,1734
HuBMAP,2025-07-13,1522
HuBMAP,2025-07-12,1559
HuBMAP,2025-07-11,1614
HuBMAP,2025-07-10,1769
HuBMAP,2025-07-09,1819
HuBMAP,2025-07-08,1661
HuBMAP,2025-07-07,1645
HuBMAP,2025-07-06,1483
HuBMAP,2025-07-05,1476
HuBMAP,2025-07-04,1504
HuBMAP,2025-07-03,1640
HuBMAP,2025-07-02,2009
HuBMAP,2025-07-01,1643
HuBMAP,2025-06-30,1957
HuBMAP,2025-06-29,1576
HuBMAP,2025-06-28,1624
HuBMAP,2025-06-27,1799
HuBMAP,2025-06-26,1899
HuBMAP,2025-06-25,1678
HuBMAP,2025-06-24,1852
HuBMAP,2025-06-23,1935
HuBMAP,2025-06-22,1501
HuBMAP,2025-06-21,1582
HuBMAP,2025-06-20,1769
HuBMAP,2025-06-19,1678
HuBMAP,2025-06-18,2165
HuBMAP,2025-06-17,1675
HuBMAP,2025-06-16,1818
HuBMAP,2025-06-15,1498
HuBMAP,2025-06-14,1516
HuBMAP,2025-06-13,1867
HuBMAP,2025-06-12,1606
HuBMAP,2025-06-11,1919
HuBMAP,2025-06-10,1854
HuBMAP,2025-06-09,1856
HuBMAP,2025-06-08,1444
HuBMAP,2025-06-07,1614
HuBMAP,2025-06-06,1813
HuBMAP,2025-06-05,1830
HuBMAP,2025-06-04,1910
HuBMAP,2025-06-03,1902
HuBMAP,2025-06-02,1828
HuBMAP,2025-06-01,1592
HuBMAP,2025-05-31,1529
HuBMAP,2025-05-30,1643
HuBMAP,2025-05-29,1917
HuBMAP,2025-05-28,2087
HuBMAP,2025-05-27,1934
HuBMAP,2025-05-26,1526
HuBMAP,2025-05-25,1434
HuBMAP,2025-05-24,1457
HuBMAP,2025-05-23,1705
HuBMAP,2025-05-22,1993
HuBMAP,2025-05-21,2083
HuBMAP,2025-05-20,1852
HuBMAP,2025-05-19,1585
HuBMAP,2025-05-18,1521
HuBMAP,2025-05-17,1510
HuBMAP,2025-05-16,1651
HuBMAP,2025-05-15,1935
HuBMAP,2025-05-14,1761
HuBMAP,2025-05-13,1499
HuBMAP,2025-05-12,2058
HuBMAP,2025-05-11,1441
HuBMAP,2025-05-10,1507
HuBMAP,2025-05-09,1624
HuBMAP,2025-05-08,1799
HuBMAP,2025-05-07,2037
HuBMAP,2025-05-06,2181
HuBMAP,2025-05-05,1856
HuBMAP,2025-05-04,1525
HuBMAP,2025-05-03,1546
HuBMAP,2025-05-02,1500
HuBMAP,2025-05-01,1753
HuBMAP,2025-04-30,1818
HuBMAP,2025-04-29,1619
HuBMAP,2025-04-28,2262
HuBMAP,2025-04-27,1817
HuBMAP,2025-04-26,1634
HuBMAP,2025-04-25,1833
HuBMAP,2025-04-24,2059
HuBMAP,2025-04-23,1850
HuBMAP,2025-04-22,1796
HuBMAP,2025-04-21,1617
HuBMAP,2025-04-20,1416
HuBMAP,2025-04-19,1519
HuBMAP,2025-04-18,1710
HuBMAP,2025-04-17,2097
HuBMAP,2025-04-16,2124
HuBMAP,2025-04-15,2606
HuBMAP,2025-04-14,2655
HuBMAP,2025-04-13,1486
HuBMAP,2025-04-12,1511
HuBMAP,2025-04-11,2698
HuBMAP,2025-04-10,2008
HuBMAP,2025-04-09,2354
HuBMAP,2025-04-08,2619
HuBMAP,2025-04-07,1777
HuBMAP,2025-04-06,1495
HuBMAP,2025-04-05,1467
HuBMAP,2025-04-04,2163
HuBMAP,2025-04-03,2713
HuBMAP,2025-04-02,3954
HuBMAP,2025-04-01,3480
HuBMAP,2025-03-31,2366
HuBMAP,2025-03-30,1589
HuBMAP,2025-03-29,1510
HuBMAP,2025-03-28,1863
HuBMAP,2025-03-27,2025
HuBMAP,2025-03-26,2038
HuBMAP,2025-03-25,1808
HuBMAP,2025-03-24,1949
HuBMAP,2025-03-23,1701
HuBMAP,2025-03-22,1454
HuBMAP,2025-03-21,1595
HuBMAP,2025-03-20,1851
HuBMAP,2025-03-19,1748
HuBMAP,2025-03-18,1987
HuBMAP,2025-03-17,1506
HuBMAP,2025-03-16,1553
HuBMAP,2025-03-15,1711
HuBMAP,2025-03-14,1950
HuBMAP,2025-03-13,2174
HuBMAP,2025-03-12,1817
HuBMAP,2025-03-11,1864
HuBMAP,2025-03-10,1907
HuBMAP,2025-03-09,1686
HuBMAP,2025-03-08,1600
HuBMAP,2025-03-07,1923
HuBMAP,2025-03-06,2079
HuBMAP,2025-03-05,1765
HuBMAP,2025-03-04,2206
HuBMAP,2025-03-03,1789
HuBMAP,2025-03-02,1534
HuBMAP,2025-03-01,1551
HuBMAP,2025-02-28,2016
HuBMAP,2025-02-27,2498
HuBMAP,2025-02-26,1968
HuBMAP,2025-02-25,1906
HuBMAP,2025-02-24,2145
HuBMAP,2025-02-23,1492
HuBMAP,2025-02-22,1548
HuBMAP,2025-02-21,1789
HuBMAP,2025-02-20,2047
HuBMAP,2025-02-19,1899
HuBMAP,2025-02-18,2004
HuBMAP,2025-02-17,1681
HuBMAP,2025-02-16,1622
HuBMAP,2025-02-15,1594
HuBMAP,2025-02-14,1654
HuBMAP,2025-02-13,1859
HuBMAP,2025-02-12,1994
HuBMAP,2025-02-11,2221
HuBMAP,2025-02-10,1714
HuBMAP,2025-02-09,1633
HuBMAP,2025-02-08,1578
HuBMAP,2025-02-07,1704
HuBMAP,2025-02-06,2081
HuBMAP,2025-02-05,1834
HuBMAP,2025-02-04,1861
HuBMAP,2025-02-03,1771
HuBMAP,2025-02-02,1703
HuBMAP,2025-02-01,1591
HuBMAP,2025-01-31,2071
HuBMAP,2025-01-30,2156
HuBMAP,2025-01-29,1691
HuBMAP,2025-01-28,1662
HuBMAP,2025-01-27,2017
HuBMAP,2025-01-26,1498
HuBMAP,2025-01-25,1511
HuBMAP,2025-01-24,1860
HuBMAP,2025-01-23,1920
HuBMAP,2025-01-22,2268
HuBMAP,2025-01-21,1715
HuBMAP,2025-01-20,2272
HuBMAP,2025-01-19,1526
HuBMAP,2025-01-18,1667
HuBMAP,2025-01-17,2007
HuBMAP,2025-01-16,1695
HuBMAP,2025-01-15,2312
HuBMAP,2025-01-14,1815
HuBMAP,2025-01-13,1991
HuBMAP,2025-01-12,1740
HuBMAP,2025-01-11,1554
HuBMAP,2025-01-10,1958
HuBMAP,2025-01-09,2686
HuBMAP,2025-01-08,1944
HuBMAP,2025-01-07,1866
HuBMAP,2025-01-06,1758
HuBMAP,2025-01-05,1620
HuBMAP,2025-01-04,1609
HuBMAP,2025-01-03,1636
HuBMAP,2025-01-02,2991
HuBMAP,2025-01-01,4781
HuBMAP,2024-12-31,3688
HuBMAP,2024-12-30,2378
HuBMAP,2024-12-29,1451
HuBMAP,2024-12-28,1804
HuBMAP,2024-12-27,1572
HuBMAP,2024-12-26,1498
HuBMAP,2024-12-25,1475
HuBMAP,2024-12-24,1756
HuBMAP,2024-12-23,1594
HuBMAP,2024-12-22,1795
HuBMAP,2024-12-21,1667
HuBMAP,2024-12-20,1694
HuBMAP,2024-12-19,1951
HuBMAP,2024-12-18,1842
HuBMAP,2024-12-17,1817
HuBMAP,2024-12-16,1782
HuBMAP,2024-12-15,1540
HuBMAP,2024-12-14,1528
HuBMAP,2024-12-13,1832
HuBMAP,2024-12-12,2141
HuBMAP,2024-12-11,1940
HuBMAP,2024-12-10,2147
HuBMAP,2024-12-09,2118
HuBMAP,2024-12-08,1686
HuBMAP,2024-12-07,1658
HuBMAP,2024-12-06,2112
HuBMAP,2024-12-05,1783
HuBMAP,2024-12-04,1893
HuBMAP,2024-12-03,1887
HuBMAP,2024-12-02,1610
HuBMAP,2024-12-01,1607
HuBMAP,2024-11-30,1478
HuBMAP,2024-11-29,1626
HuBMAP,2024-11-28,1643
HuBMAP,2024-11-27,1757
HuBMAP,2024-11-26,1909
HuBMAP,2024-11-25,1631
HuBMAP,2024-11-24,1639
HuBMAP,2024-11-23,1548
HuBMAP,2024-11-22,2053
HuBMAP,2024-11-21,1987
HuBMAP,2024-11-20,3409
HuBMAP,2024-11-19,2300
HuBMAP,2024-11-18,1929
HuBMAP,2024-11-17,1627
HuBMAP,2024-11-16,1568
HuBMAP,2024-11-15,1857
HuBMAP,2024-11-14,1985
HuBMAP,2024-11-13,1849
HuBMAP,2024-11-12,1820
HuBMAP,2024-11-11,1971
HuBMAP,2024-11-10,1653
HuBMAP,2024-11-09,1564
HuBMAP,2024-11-08,1912
HuBMAP,2024-11-07,1746
HuBMAP,2024-11-06,1907
HuBMAP,2024-11-05,1673
HuBMAP,2024-11-04,1891
HuBMAP,2024-11-03,1540
HuBMAP,2024-11-02,1548
HuBMAP,2024-11-01,1646
HuBMAP,2024-10-31,1686
HuBMAP,2024-10-30,2305
HuBMAP,2024-10-29,1944
HuBMAP,2024-10-28,2107
HuBMAP,2024-10-27,1553
HuBMAP,2024-10-26,1673
HuBMAP,2024-10-25,1595
HuBMAP,2024-10-24,1825
HuBMAP,2024-10-23,3201
HuBMAP,2024-10-22,2100
HuBMAP,2024-10-21,1879
HuBMAP,2024-10-20,1523
HuBMAP,2024-10-19,1500
HuBMAP,2024-10-18,1625
HuBMAP,2024-10-17,1809
HuBMAP,2024-10-16,1692
HuBMAP,2024-10-15,1567
HuBMAP,2024-10-14,1556
HuBMAP,2024-10-13,1457
HuBMAP,2024-10-12,1580
HuBMAP,2024-10-11,1737
HuBMAP,2024-10-10,1770
HuBMAP,2024-10-09,2486
HuBMAP,2024-10-08,1893
HuBMAP,2024-10-07,1637
HuBMAP,2024-10-06,1758
HuBMAP,2024-10-05,1555
HuBMAP,2024-10-04,1875
HuBMAP,2024-10-03,1764
HuBMAP,2024-10-02,2699
HuBMAP,2024-10-01,2682
HuBMAP,2024-09-30,2474
HuBMAP,2024-09-29,3121
HuBMAP,2024-09-28,2475
HuBMAP,2024-09-27,3087
HuBMAP,2024-09-26,2872
HuBMAP,2024-09-25,3208
HuBMAP,2024-09-24,2387
HuBMAP,2024-09-23,2244
HuBMAP,2024-09-22,1634
HuBMAP,2024-09-21,1606
HuBMAP,2024-09-20,2312
HuBMAP,2024-09-19,2996
HuBMAP,2024-09-18,2388
HuBMAP,2024-09-17,2492
HuBMAP,2024-09-16,1849
HuBMAP,2024-09-15,1564
HuBMAP,2024-09-14,2338
HuBMAP,2024-09-13,2777
HuBMAP,2024-09-12,1903
HuBMAP,2024-09-11,1860
HuBMAP,2024-09-10,2424
HuBMAP,2024-09-09,2307
HuBMAP,2024-09-08,1501
HuBMAP,2024-09-07,1492
HuBMAP,2024-09-06,1965
HuBMAP,2024-09-05,1954
HuBMAP,2024-09-04,2123
HuBMAP,2024-09-03,1869
HuBMAP,2024-09-02,1824
HuBMAP,2024-09-01,1677
HuBMAP,2024-08-31,1863
HuBMAP,2024-08-30,1895
HuBMAP,2024-08-29,1611
HuBMAP,2024-08-28,2037
HuBMAP,2024-08-27,1754
HuBMAP,2024-08-26,1967
HuBMAP,2024-08-25,1554
HuBMAP,2024-08-24,1729
HuBMAP,2024-08-23,1738
HuBMAP,2024-08-22,1613
HuBMAP,2024-08-21,1789
HuBMAP,2024-08-20,1726
HuBMAP,2024-08-19,1625
HuBMAP,2024-08-18,1564
HuBMAP,2024-08-17,1623
HuBMAP,2024-08-16,1527
HuBMAP,2024-08-15,1566
HuBMAP,2024-08-14,1589
HuBMAP,2024-08-13,1639
HuBMAP,2024-08-12,1661
HuBMAP,2024-08-11,1448
HuBMAP,2024-08-10,1469
HuBMAP,2024-08-09,1710
HuBMAP,2024-08-08,1793
HuBMAP,2024-08-07,1694
HuBMAP,2024-08-06,1598
HuBMAP,2024-08-05,1671
HuBMAP,2024-08-04,1485
HuBMAP,2024-08-03,1535
HuBMAP,2024-08-02,1625
HuBMAP,2024-08-01,1765
HuBMAP,2024-07-31,1641
HuBMAP,2024-07-30,1878
HuBMAP,2024-07-29,1839
HuBMAP,2024-07-28,1776
HuBMAP,2024-07-27,1530
HuBMAP,2024-07-26,1747
HuBMAP,2024-07-25,1817
HuBMAP,2024-07-24,1705
HuBMAP,2024-07-23,1637
HuBMAP,2024-07-22,1828
HuBMAP,2024-07-21,1561
HuBMAP,2024-07-20,1589
HuBMAP,2024-07-19,1677
HuBMAP,2024-07-18,1974
HuBMAP,2024-07-17,1526
HuBMAP,2024-07-16,1785
HuBMAP,2024-07-15,2032
HuBMAP,2024-07-14,1574
HuBMAP,2024-07-13,1468
HuBMAP,2024-07-12,1628
HuBMAP,2024-07-11,1865
HuBMAP,2024-07-10,1661
HuBMAP,2024-07-09,1763
HuBMAP,2024-07-08,1985
HuBMAP,2024-07-07,1889
HuBMAP,2024-07-06,1729
HuBMAP,2024-07-05,2015
HuBMAP,2024-07-04,1839
HuBMAP,2024-07-03,1615
HuBMAP,2024-07-02,1993
HuBMAP,2024-07-01,1986
HuBMAP,2024-06-30,1549
HuBMAP,2024-06-29,1718
HuBMAP,2024-06-28,1788
HuBMAP,2024-06-27,1626
HuBMAP,2024-06-26,1694
HuBMAP,2024-06-25,1923
HuBMAP,2024-06-24,2102
HuBMAP,2024-06-23,1562
HuBMAP,2024-06-22,1469
HuBMAP,2024-06-21,1878
HuBMAP,2024-06-20,1821
HuBMAP,2024-06-19,1811
HuBMAP,2024-06-18,1892
HuBMAP,2024-06-17,1895
HuBMAP,2024-06-16,1503
HuBMAP,2024-06-15,1521
HuBMAP,2024-06-14,1797
HuBMAP,2024-06-13,1210
HuBMAP,2024-06-12,2080
HuBMAP,2024-06-11,1083
HuBMAP,2024-06-10,1368
HuBMAP,2024-06-09,838
HuBMAP,2024-06-08,802
HuBMAP,2024-06-07,861
HuBMAP,2024-06-06,1174
HuBMAP,2024-06-05,927
HuBMAP,2024-06-04,1229
HuBMAP,2024-06-03,903
HuBMAP,2024-06-02,881
HuBMAP,2024-06-01,805
HuBMAP,2024-05-31,975
HuBMAP,2024-05-30,1766
HuBMAP,2024-05-29,1127
HuBMAP,2024-05-28,865
HuBMAP,2024-05-27,1889
HuBMAP,2024-05-26,849
HuBMAP,2024-05-25,899
HuBMAP,2024-05-24,981
HuBMAP,2024-05-23,1141
HuBMAP,2024-05-22,1768
HuBMAP,2024-05-21,1550
HuBMAP,2024-05-20,1670
HuBMAP,2024-05-19,810
HuBMAP,2024-05-18,761
HuBMAP,2024-05-17,1404
HuBMAP,2024-05-16,1184
HuBMAP,2024-05-15,1802
HuBMAP,2024-05-14,1815
HuBMAP,2024-05-13,1317
HuBMAP,2024-05-12,940
HuBMAP,2024-05-11,1106
HuBMAP,2024-05-10,1004
HuBMAP,2024-05-09,1155
HuBMAP,2024-05-08,950
HuBMAP,2024-05-07,797
HuBMAP,2024-05-06,1266
HuBMAP,2024-05-05,741
HuBMAP,2024-05-04,801
HuBMAP,2024-05-03,838
HuBMAP,2024-05-02,1227
HuBMAP,2024-05-01,992
HuBMAP,2024-04-30,1997
HuBMAP,2024-04-29,921
HuBMAP,2024-04-28,1070
HuBMAP,2024-04-27,966
HuBMAP,2024-04-26,1931
HuBMAP,2024-04-25,1199
HuBMAP,2024-04-24,985
HuBMAP,2024-04-23,1007
HuBMAP,2024-04-22,1057
HuBMAP,2024-04-21,792
HuBMAP,2024-04-20,818
HuBMAP,2024-04-19,1107
HuBMAP,2024-04-18,1142
HuBMAP,2024-04-17,1246
HuBMAP,2024-04-16,2609
HuBMAP,2024-04-15,1288
HuBMAP,2024-04-14,2529
HuBMAP,2024-04-13,777
HuBMAP,2024-04-12,1224
HuBMAP,2024-04-11,1461
HuBMAP,2024-04-10,2334
HuBMAP,2024-04-09,1433
HuBMAP,2024-04-08,1244
HuBMAP,2024-04-07,1162
HuBMAP,2024-04-06,764
HuBMAP,2024-04-05,768
HuBMAP,2024-04-04,920
HuBMAP,2024-04-03,1135
HuBMAP,2024-04-02,989
HuBMAP,2024-04-01,899
HuBMAP,2024-03-31,812
HuBMAP,2024-03-30,887
HuBMAP,2024-03-29,825
HuBMAP,2024-03-28,1813
HuBMAP,2024-03-27,1322
HuBMAP,2024-03-26,1385
HuBMAP,2024-03-25,1238
HuBMAP,2024-03-24,872
HuBMAP,2024-03-23,770
HuBMAP,2024-03-22,942
HuBMAP,2024-03-21,2317
HuBMAP,2024-03-20,2067
HuBMAP,2024-03-19,2208
HuBMAP,2024-03-18,1274
HuBMAP,2024-03-17,818
HuBMAP,2024-03-16,785
HuBMAP,2024-03-15,2480
HuBMAP,2024-03-14,1107
HuBMAP,2024-03-13,1101
HuBMAP,2024-03-12,1021
HuBMAP,2024-03-11,1450
HuBMAP,2024-03-10,839
HuBMAP,2024-03-09,874
HuBMAP,2024-03-08,1333
HuBMAP,2024-03-07,1196
HuBMAP,2024-03-06,1021
HuBMAP,2024-03-05,792
HuBMAP,2024-03-04,1282
HuBMAP,2024-03-03,744
HuBMAP,2024-03-02,969
HuBMAP,2024-03-01,1121
HuBMAP,2024-02-29,1064
HuBMAP,2024-02-28,983
HuBMAP,2024-02-27,1455
HuBMAP,2024-02-26,1406
HuBMAP,2024-02-25,905
HuBMAP,2024-02-24,806
HuBMAP,2024-02-23,815
HuBMAP,2024-02-22,1020
HuBMAP,2024-02-21,1111
HuBMAP,2024-02-20,1510
HuBMAP,2024-02-19,3107
HuBMAP,2024-02-18,821
HuBMAP,2024-02-17,778
HuBMAP,2024-02-16,1204
HuBMAP,2024-02-15,892
HuBMAP,2024-02-14,917
HuBMAP,2024-02-13,1174
HuBMAP,2024-02-12,1298
HuBMAP,2024-02-11,750
HuBMAP,2024-02-10,739
HuBMAP,2024-02-09,818
HuBMAP,2024-02-08,1233
HuBMAP,2024-02-07,1322
HuBMAP,2024-02-06,1221
HuBMAP,2024-02-05,908
HuBMAP,2024-02-04,721
HuBMAP,2024-02-03,735
HuBMAP,2024-02-02,1632
HuBMAP,2024-02-01,1036
HuBMAP,2024-01-31,338
HuBMAP,2024-01-30,1084
HuBMAP,2024-01-29,962
HuBMAP,2024-01-28,802
HuBMAP,2024-01-27,755
HuBMAP,2024-01-26,1105
HuBMAP,2024-01-25,907
HuBMAP,2024-01-24,895
HuBMAP,2024-01-23,1144
HuBMAP,2024-01-22,1325
HuBMAP,2024-01-21,838
HuBMAP,2024-01-20,933
HuBMAP,2024-01-19,1148
HuBMAP,2024-01-18,1354
HuBMAP,2024-01-17,1231
HuBMAP,2024-01-16,930
HuBMAP,2024-01-15,1165
HuBMAP,2024-01-14,820
HuBMAP,2024-01-13,744
HuBMAP,2024-01-12,1078
HuBMAP,2024-01-11,1061
HuBMAP,2024-01-10,1213
HuBMAP,2024-01-09,1576
HuBMAP,2024-01-08,1266
HuBMAP,2024-01-07,1056
HuBMAP,2024-01-06,898
HuBMAP,2024-01-05,1229
HuBMAP,2024-01-04,915
HuBMAP,2024-01-03,1295
HuBMAP,2024-01-02,975
HuBMAP,2024-01-01,890
HuBMAP,2023-12-31,771
HuBMAP,2023-12-30,756
HuBMAP,2023-12-29,1036
HuBMAP,2023-12-28,1051
HuBMAP,2023-12-27,810
HuBMAP,2023-12-26,824
HuBMAP,2023-12-25,836
HuBMAP,2023-12-24,995
HuBMAP,2023-12-23,1207
HuBMAP,2023-12-22,1011
HuBMAP,2023-12-21,812
HuBMAP,2023-12-20,715
HuBMAP,2023-12-19,1199
HuBMAP,2023-12-18,1464
HuBMAP,2023-12-17,979
HuBMAP,2023-12-16,915
HuBMAP,2023-12-15,1146
HuBMAP,2023-12-14,1195
HuBMAP,2023-12-13,2109
HuBMAP,2023-12-12,1384
HuBMAP,2023-12-11,1055
HuBMAP,2023-12-10,899
HuBMAP,2023-12-09,826
HuBMAP,2023-12-08,1959
HuBMAP,2023-12-07,1321
HuBMAP,2023-12-06,1827
HuBMAP,2023-12-05,1330
HuBMAP,2023-12-04,1619
HuBMAP,2023-12-03,959
HuBMAP,2023-12-02,1047
HuBMAP,2023-12-01,1531
HuBMAP,2023-11-30,1175
HuBMAP,2023-11-29,1753
HuBMAP,2023-11-28,1784
HuBMAP,2023-11-27,1759
HuBMAP,2023-11-26,1009
HuBMAP,2023-11-25,810
HuBMAP,2023-11-24,708
HuBMAP,2023-11-23,882
HuBMAP,2023-11-22,1143
HuBMAP,2023-11-21,1671
HuBMAP,2023-11-20,1633
HuBMAP,2023-11-19,725
HuBMAP,2023-11-18,781
HuBMAP,2023-11-17,1768
HuBMAP,2023-11-16,1268
HuBMAP,2023-11-15,893
HuBMAP,2023-11-14,744
HuBMAP,2023-11-13,1818
HuBMAP,2023-11-12,753
HuBMAP,2023-11-11,752
HuBMAP,2023-11-10,838
HuBMAP,2023-11-09,814
HuBMAP,2023-11-08,777
HuBMAP,2023-11-07,1902
HuBMAP,2023-11-06,881
HuBMAP,2023-11-05,731
HuBMAP,2023-11-04,733
HuBMAP,2023-11-03,913
HuBMAP,2023-11-02,520
HuBMAP,2023-11-01,58
HuBMAP,2023-10-31,101
HuBMAP,2023-10-30,72
HuBMAP,2023-10-29,39
HuBMAP,2023-10-28,46
HuBMAP,2023-10-27,73
HuBMAP,2023-10-26,74
HuBMAP,2023-10-25,26
HuBMAP,2023-10-24,149
HuBMAP,2023-10-23,50
HuBMAP,2023-10-22,35
HuBMAP,2023-10-21,22
HuBMAP,2023-10-20,36
HuBMAP,2023-10-19,121
HuBMAP,2023-10-18,192
HuBMAP,2023-10-17,40
HuBMAP,2023-10-16,79
HuBMAP,2023-10-15,4
HuBMAP,2023-10-14,49
HuBMAP,2023-10-13,96
HuBMAP,2023-10-12,91
HuBMAP,2023-10-11,45
HuBMAP,2023-10-10,74
HuBMAP,2023-10-09,61
HuBMAP,2023-10-08,49
HuBMAP,2023-10-07,34
HuBMAP,2023-10-06,129
HuBMAP,2023-10-05,44
HuBMAP,2023-10-04,54
HuBMAP,2023-10-03,206
HuBMAP,2023-10-02,115
HuBMAP,2023-10-01,50
HuBMAP,2023-09-30,31
HuBMAP,2023-09-29,70
HuBMAP,2023-09-28,49
HuBMAP,2023-09-27,172
HuBMAP,2023-09-26,145
HuBMAP,2023-09-25,126
HuBMAP,2023-09-24,16
HuBMAP,2023-09-23,12
HuBMAP,2023-09-22,81
HuBMAP,2023-09-21,156
HuBMAP,2023-09-20,109
HuBMAP,2023-09-19,99
HuBMAP,2023-09-18,126
HuBMAP,2023-09-17,6
HuBMAP,2023-09-16,34
HuBMAP,2023-09-15,120
HuBMAP,2023-09-14,86
HuBMAP,2023-09-13,126
HuBMAP,2023-09-12,82
HuBMAP,2023-09-11,149
HuBMAP,2023-09-10,14
HuBMAP,2023-09-09,15
HuBMAP,2023-09-08,91
HuBMAP,2023-09-07,102
HuBMAP,2023-09-06,159
HuBMAP,2023-09-05,73
HuBMAP,2023-09-04,36
HuBMAP,2023-09-03,16
HuBMAP,2023-09-02,71
HuBMAP,2023-09-01,83
HuBMAP,2023-08-31,131
HuBMAP,2023-08-30,186
HuBMAP,2023-08-29,151
HuBMAP,2023-08-28,96
HuBMAP,2023-08-27,1130
HuBMAP,2023-08-26,20
HuBMAP,2023-08-25,130
HuBMAP,2023-08-24,143
HuBMAP,2023-08-23,91
HuBMAP,2023-08-22,154
HuBMAP,2023-08-21,171
HuBMAP,2023-08-20,46
HuBMAP,2023-08-19,37
HuBMAP,2023-08-18,102
HuBMAP,2023-08-17,194
HuBMAP,2023-08-16,127
HuBMAP,2023-08-15,223
HuBMAP,2023-08-14,90
HuBMAP,2023-08-13,52
HuBMAP,2023-08-12,63
HuBMAP,2023-08-11,124
HuBMAP,2023-08-10,189
HuBMAP,2023-08-09,165
HuBMAP,2023-08-08,147
HuBMAP,2023-08-07,186
HuBMAP,2023-08-06,94
HuBMAP,2023-08-05,103
HuBMAP,2023-08-04,81
HuBMAP,2023-08-03,239
HuBMAP,2023-08-02,268
HuBMAP,2023-08-01,289
HuBMAP,2023-07-31,303
HuBMAP,2023-07-30,95
HuBMAP,2023-07-29,89
HuBMAP,2023-07-28,259
HuBMAP,2023-07-27,244
HuBMAP,2023-07-26,551
HuBMAP,2023-07-25,751
HuBMAP,2023-07-24,380
HuBMAP,2023-07-23,106
HuBMAP,2023-07-22,147
HuBMAP,2023-07-21,461
HuBMAP,2023-07-20,893
HuBMAP,2023-07-19,255
HuBMAP,2023-07-18,80
HuBMAP,2023-07-17,54
HuBMAP,2023-07-16,23
HuBMAP,2023-07-15,16
HuBMAP,2023-07-14,43
HuBMAP,2023-07-13,72
HuBMAP,2023-07-12,153
HuBMAP,2023-07-11,108
HuBMAP,2023-07-10,97
HuBMAP,2023-07-09,31
HuBMAP,2023-07-08,12
HuBMAP,2023-07-07,157
HuBMAP,2023-07-06,64
HuBMAP,2023-07-05,80
HuBMAP,2023-07-04,50
HuBMAP,2023-07-03,60
HuBMAP,2023-07-02,2
HuBMAP,2023-07-01,3
HuBMAP,2023-06-30,81
HuBMAP,2023-06-29,119
HuBMAP,2023-06-28,115
HuBMAP,2023-06-27,91
HuBMAP,2023-06-26,78
HuBMAP,2023-06-25,23
HuBMAP,2023-06-24,2
HuBMAP,2023-06-23,65
HuBMAP,2023-06-22,82
HuBMAP,2023-06-21,120
HuBMAP,2023-06-20,77
HuBMAP,2023-06-19,70
HuBMAP,2023-06-18,11
HuBMAP,2023-06-17,19
HuBMAP,2023-06-16,56
HuBMAP,2023-06-15,112
HuBMAP,2023-06-14,93
HuBMAP,2023-06-13,150
HuBMAP,2023-06-12,204
HuBMAP,2023-06-11,64
HuBMAP,2023-06-10,13
HuBMAP,2023-06-09,90
HuBMAP,2023-06-08,88
HuBMAP,2023-06-07,48
HuBMAP,2023-06-06,69
HuBMAP,2023-06-05,55
CZ CELLxGENE,2025-07-30,1
CZ CELLxGENE,2025-07-17,2
CZ CELLxGENE,2025-06-15,1
CZ CELLxGENE,2025-04-24,1
CZ CELLxGENE,2025-04-14,1
CZ CELLxGENE,2025-04-10,2
CZ CELLxGENE,2025-03-29,1
CZ CELLxGENE,2025-03-26,1
CZ CELLxGENE,2025-03-18,1
CZ CELLxGENE,2025-03-10,1
CZ CELLxGENE,2025-03-06,1
CZ CELLxGENE,2025-02-24,1
CZ CELLxGENE,2024-12-25,1
CZ CELLxGENE,2024-12-12,1
CZ CELLxGENE,2024-12-09,1
CZ CELLxGENE,2024-12-02,3
CZ CELLxGENE,2024-11-22,1
CZ CELLxGENE,2024-11-19,3
CZ CELLxGENE,2024-11-13,1
CZ CELLxGENE,2024-10-22,1
CZ CELLxGENE,2024-10-09,1
CZ CELLxGENE,2024-10-07,1
CZ CELLxGENE,2024-10-01,1
CZ CELLxGENE,2024-09-30,1
CZ CELLxGENE,2024-09-26,1
CZ CELLxGENE,2024-09-18,2
CZ CELLxGENE,2024-05-17,1
CZ CELLxGENE,2024-05-02,1
CZ CELLxGENE,2024-03-29,1
CZ CELLxGENE,2024-03-25,1
CZ CELLxGENE,2024-02-29,1
CZ CELLxGENE,2024-02-22,2
CZ CELLxGENE,2024-01-02,1
CZ CELLxGENE,2023-11-30,1
CZ CELLxGENE,2023-10-27,1
CZ CELLxGENE,2023-10-24,1
CZ CELLxGENE,2023-10-17,1
CZ CELLxGENE,2023-09-27,1
CZ CELLxGENE,2023-09-20,1
CZ CELLxGENE,2023-09-14,1
CZ CELLxGENE,2023-09-08,1
CZ CELLxGENE,2023-09-01,1
CZ CELLxGENE,2023-08-22,2
CZ CELLxGENE,2023-08-18,1
CZ CELLxGENE,2023-08-15,2
CZ CELLxGENE,2023-08-14,2
CZ CELLxGENE,2023-08-08,1
CZ CELLxGENE,2023-08-04,1
CZ CELLxGENE,2023-08-02,1
CZ CELLxGENE,2023-07-31,2
CZ CELLxGENE,2023-07-30,1
CZ CELLxGENE,2023-07-28,3
CZ CELLxGENE,2023-07-26,1
CZ CELLxGENE,2023-07-15,1
CZ CELLxGENE,2023-07-12,1
CZ CELLxGENE,2023-07-11,2
CZ CELLxGENE,2023-07-06,1
CZ CELLxGENE,2023-06-08,1
SenNet,2025-08-07,28
SenNet,2025-08-06,110
SenNet,2025-08-05,164
SenNet,2025-08-04,92
SenNet,2025-08-03,7
SenNet,2025-08-02,19
SenNet,2025-08-01,160
SenNet,2025-07-31,94
SenNet,2025-07-30,142
SenNet,2025-07-29,161
SenNet,2025-07-28,136
SenNet,2025-07-27,10
SenNet,2025-07-26,5
SenNet,2025-07-25,115
SenNet,2025-07-24,32
SenNet,2025-07-23,113
SenNet,2025-07-22,83
SenNet,2025-07-21,76
SenNet,2025-07-20,30
SenNet,2025-07-19,1
SenNet,2025-07-18,82
SenNet,2025-07-17,149
SenNet,2025-07-16,85
SenNet,2025-07-15,84
SenNet,2025-07-14,92
SenNet,2025-07-13,11
SenNet,2025-07-12,11
SenNet,2025-07-11,158
SenNet,2025-07-10,301
SenNet,2025-07-09,34
SenNet,2025-07-08,49
SenNet,2025-07-07,35
SenNet,2025-07-06,8
SenNet,2025-07-05,6
SenNet,2025-07-04,31
SenNet,2025-07-03,100
SenNet,2025-07-02,51
SenNet,2025-07-01,136
SenNet,2025-06-30,271
SenNet,2025-06-29,12
SenNet,2025-06-28,13
SenNet,2025-06-27,338
SenNet,2025-06-26,132
SenNet,2025-06-25,40
SenNet,2025-06-24,279
SenNet,2025-06-23,89
SenNet,2025-06-22,8
SenNet,2025-06-21,6
SenNet,2025-06-20,27
SenNet,2025-06-19,26
SenNet,2025-06-18,102
SenNet,2025-06-17,46
SenNet,2025-06-16,113
SenNet,2025-06-15,10
SenNet,2025-06-14,60
SenNet,2025-06-13,100
SenNet,2025-06-12,212
SenNet,2025-06-11,64
SenNet,2025-06-10,138
SenNet,2025-06-09,100
SenNet,2025-06-08,101
SenNet,2025-06-07,11
SenNet,2025-06-06,264
SenNet,2025-06-05,250
SenNet,2025-06-04,37
SenNet,2025-06-03,204
SenNet,2025-06-02,188
SenNet,2025-06-01,1
SenNet,2025-05-30,112
SenNet,2025-05-29,626
SenNet,2025-05-28,206
SenNet,2025-05-27,471
SenNet,2025-05-26,2
SenNet,2025-05-24,40
SenNet,2025-05-23,29
SenNet,2025-05-22,352
SenNet,2025-05-21,78
SenNet,2025-05-20,297
SenNet,2025-05-19,84
SenNet,2025-05-18,6
SenNet,2025-05-17,13
SenNet,2025-05-16,64
SenNet,2025-05-15,186
SenNet,2025-05-14,89
SenNet,2025-05-13,99
SenNet,2025-05-12,120
SenNet,2025-05-11,4
SenNet,2025-05-10,34
SenNet,2025-05-09,166
SenNet,2025-05-08,64
SenNet,2025-05-07,136
SenNet,2025-05-06,95
SenNet,2025-05-05,15
SenNet,2025-05-04,105
SenNet,2025-05-03,1
SenNet,2025-05-02,51
SenNet,2025-05-01,89
SenNet,2025-04-30,76
SenNet,2025-04-29,152
SenNet,2025-04-28,171
SenNet,2025-04-27,86
SenNet,2025-04-26,2
SenNet,2025-04-25,412
SenNet,2025-04-24,499
SenNet,2025-04-23,604
SenNet,2025-04-22,38
SenNet,2025-04-21,29
SenNet,2025-04-20,6
SenNet,2025-04-19,31
SenNet,2025-04-18,133
SenNet,2025-04-17,108
SenNet,2025-04-16,360
SenNet,2025-04-15,75
SenNet,2025-04-14,89
SenNet,2025-04-13,4
SenNet,2025-04-12,10
SenNet,2025-04-11,34
SenNet,2025-04-10,26
SenNet,2025-04-09,62
SenNet,2025-04-08,16
SenNet,2025-04-07,30
SenNet,2025-04-06,4
SenNet,2025-04-05,79
SenNet,2025-04-04,39
SenNet,2025-04-03,9
SenNet,2025-04-02,50
SenNet,2025-04-01,133
SenNet,2025-03-31,303
SenNet,2025-03-30,75
SenNet,2025-03-29,43
SenNet,2025-03-28,793
SenNet,2025-03-27,280
SenNet,2025-03-26,104
SenNet,2025-03-25,17
SenNet,2025-03-24,20
SenNet,2025-03-23,19
SenNet,2025-03-22,1
SenNet,2025-03-21,34
SenNet,2025-03-20,163
SenNet,2025-03-19,57
SenNet,2025-03-18,466
SenNet,2025-03-17,320
SenNet,2025-03-14,81
SenNet,2025-03-13,61
SenNet,2025-03-12,129
SenNet,2025-03-11,8
SenNet,2025-03-10,96
SenNet,2025-03-09,173
SenNet,2025-03-08,3
SenNet,2025-03-07,86
SenNet,2025-03-06,23
SenNet,2025-03-05,30
SenNet,2025-03-04,113
SenNet,2025-03-03,65
SenNet,2025-03-02,2
SenNet,2025-03-01,4
SenNet,2025-02-28,579
SenNet,2025-02-27,162
SenNet,2025-02-26,93
SenNet,2025-02-25,7
SenNet,2025-02-24,93
SenNet,2025-02-22,1
SenNet,2025-02-21,100
SenNet,2025-02-20,17
SenNet,2025-02-19,15
SenNet,2025-02-18,139
SenNet,2025-02-17,360
SenNet,2025-02-16,1
SenNet,2025-02-15,125
SenNet,2025-02-14,11
SenNet,2025-02-13,28
SenNet,2025-02-12,15
SenNet,2025-02-11,78
SenNet,2025-02-10,273
SenNet,2025-02-09,11
SenNet,2025-02-07,9
SenNet,2025-02-06,26
SenNet,2025-02-05,15
SenNet,2025-02-04,244
SenNet,2025-02-03,64
SenNet,2025-02-02,8
SenNet,2025-01-31,8
SenNet,2025-01-30,6
SenNet,2025-01-29,115
SenNet,2025-01-28,3
SenNet,2025-01-27,24
SenNet,2025-01-25,162
SenNet,2025-01-24,6
SenNet,2025-01-23,10
SenNet,2025-01-22,230
SenNet,2025-01-21,316
SenNet,2025-01-20,230
SenNet,2025-01-19,79
SenNet,2025-01-17,14
SenNet,2025-01-16,16
SenNet,2025-01-15,7
SenNet,2025-01-14,10
SenNet,2025-01-13,98
SenNet,2025-01-10,1
SenNet,2025-01-09,245
SenNet,2025-01-08,40
SenNet,2025-01-07,180
SenNet,2025-01-06,1
SenNet,2025-01-05,31
SenNet,2025-01-03,15
SenNet,2025-01-02,4
SenNet,2024-12-28,345
SenNet,2024-12-27,2
SenNet,2024-12-23,8
SenNet,2024-12-22,1
SenNet,2024-12-21,149
SenNet,2024-12-20,8
SenNet,2024-12-19,92
SenNet,2024-12-18,58
SenNet,2024-12-17,195
SenNet,2024-12-16,156
SenNet,2024-12-15,1
SenNet,2024-12-14,11
SenNet,2024-12-13,3
SenNet,2024-12-12,38
SenNet,2024-12-11,4
SenNet,2024-12-10,4
SenNet,2024-12-09,248
SenNet,2024-12-08,116
SenNet,2024-12-07,80
SenNet,2024-12-06,75
SenNet,2024-12-05,4
SenNet,2024-12-04,142
SenNet,2024-12-03,81
SenNet,2024-12-02,2
SenNet,2024-12-01,1
SenNet,2024-11-29,5
SenNet,2024-11-28,2
SenNet,2024-11-27,4
SenNet,2024-11-26,76
SenNet,2024-11-25,160
SenNet,2024-11-24,1
SenNet,2024-11-23,1
SenNet,2024-11-22,1
SenNet,2024-11-21,275
SenNet,2024-11-20,258
SenNet,2024-11-19,34
SenNet,2024-11-18,81
SenNet,2024-11-17,1
SenNet,2024-11-16,1
SenNet,2024-11-15,143
SenNet,2024-11-14,140
SenNet,2024-11-13,23
SenNet,2024-11-12,27
SenNet,2024-11-11,134
SenNet,2024-11-10,1
SenNet,2024-11-09,74
SenNet,2024-11-08,21
SenNet,2024-11-07,117
SenNet,2024-11-06,26
SenNet,2024-11-05,102
SenNet,2024-11-04,203
SenNet,2024-11-02,1
SenNet,2024-11-01,170
SenNet,2024-10-31,94
SenNet,2024-10-30,247
SenNet,2024-10-29,20
SenNet,2024-10-28,6
SenNet,2024-10-27,24
SenNet,2024-10-25,5
SenNet,2024-10-24,3
SenNet,2024-10-23,277
SenNet,2024-10-22,140
SenNet,2024-10-21,11
SenNet,2024-10-20,13
SenNet,2024-10-19,3
SenNet,2024-10-18,7
SenNet,2024-10-17,1795
SenNet,2024-10-16,2904
SenNet,2024-10-15,196
SenNet,2024-10-14,73
SenNet,2024-10-13,6
SenNet,2024-10-12,1
SenNet,2024-10-11,730
SenNet,2024-10-10,88
SenNet,2024-10-09,10
SenNet,2024-10-08,14
SenNet,2024-10-07,300
SenNet,2024-10-06,142
SenNet,2024-10-05,2
SenNet,2024-10-04,81
SenNet,2024-10-03,60
SenNet,2024-10-02,329
SenNet,2024-10-01,352
SenNet,2024-09-30,7604
SenNet,2024-09-29,1
SenNet,2024-09-28,74
SenNet,2024-09-27,737
SenNet,2024-09-26,2558
SenNet,2024-09-25,583
SenNet,2024-09-24,3366
SenNet,2024-09-23,5742
SenNet,2024-09-22,5
SenNet,2024-09-21,8
SenNet,2024-09-20,829
SenNet,2024-09-19,2177
SenNet,2024-09-18,4521
SenNet,2024-09-17,579
SenNet,2024-09-16,214
SenNet,2024-09-14,4
SenNet,2024-09-13,40
SenNet,2024-09-12,85
SenNet,2024-09-11,117
SenNet,2024-09-10,466
SenNet,2024-09-09,314
SenNet,2024-09-08,5
SenNet,2024-09-07,1
SenNet,2024-09-06,279
SenNet,2024-09-05,465
SenNet,2024-09-04,580
SenNet,2024-09-03,88
SenNet,2024-09-02,105
SenNet,2024-08-31,3
SenNet,2024-08-30,1195
SenNet,2024-08-29,256
SenNet,2024-08-28,55
SenNet,2024-08-27,29
SenNet,2024-08-26,480
SenNet,2024-08-25,6
SenNet,2024-08-24,1
SenNet,2024-08-23,113
SenNet,2024-08-22,263
SenNet,2024-08-21,348
SenNet,2024-08-20,1
SenNet,2024-08-19,759
SenNet,2024-08-18,20
SenNet,2024-08-17,1
SenNet,2024-08-16,198
SenNet,2024-08-15,434
SenNet,2024-08-14,69
SenNet,2024-08-13,63
SenNet,2024-08-12,343
SenNet,2024-08-11,2
SenNet,2024-08-10,2
SenNet,2024-08-09,426
SenNet,2024-08-08,5
SenNet,2024-08-07,82
SenNet,2024-08-06,8
SenNet,2024-08-05,27
SenNet,2024-08-04,1
SenNet,2024-08-02,47
SenNet,2024-08-01,225
SenNet,2024-07-31,26
SenNet,2024-07-30,190
SenNet,2024-07-29,26
SenNet,2024-07-28,4
SenNet,2024-07-27,2
SenNet,2024-07-26,272
SenNet,2024-07-25,252
SenNet,2024-07-24,149
SenNet,2024-07-23,179
SenNet,2024-07-22,51
SenNet,2024-07-21,2
SenNet,2024-07-20,21
SenNet,2024-07-19,94
SenNet,2024-07-18,205
SenNet,2024-07-17,39
SenNet,2024-07-16,78
SenNet,2024-07-15,66
SenNet,2024-07-14,2
SenNet,2024-07-13,7
SenNet,2024-07-12,57
SenNet,2024-07-11,10
SenNet,2024-07-10,109
SenNet,2024-07-09,24
SenNet,2024-07-08,9
SenNet,2024-07-06,1
SenNet,2024-07-05,33
SenNet,2024-07-04,2
SenNet,2024-07-03,139
SenNet,2024-07-02,72
SenNet,2024-07-01,137
SenNet,2024-06-29,3
SenNet,2024-06-28,196
SenNet,2024-06-27,11
SenNet,2024-06-26,312
SenNet,2024-06-25,50
SenNet,2024-06-24,159
SenNet,2024-06-23,1
SenNet,2024-06-22,3
SenNet,2024-06-21,133
SenNet,2024-06-20,117
SenNet,2024-06-19,3
SenNet,2024-06-18,30
SenNet,2024-06-17,8
SenNet,2024-06-16,2
SenNet,2024-06-15,45
SenNet,2024-06-14,95
SenNet,2024-06-13,15
SenNet,2024-06-12,341
SenNet,2024-06-11,96
SenNet,2024-06-10,171
SenNet,2024-06-09,3
SenNet,2024-06-08,2
SenNet,2024-06-07,77
SenNet,2024-06-06,11
SenNet,2024-06-05,2
SenNet,2024-06-04,5
SenNet,2024-06-03,21
SenNet,2024-06-02,2
SenNet,2024-05-31,14
SenNet,2024-05-30,17
SenNet,2024-05-29,219
SenNet,2024-05-28,52
SenNet,2024-05-27,3
SenNet,2024-05-25,1
SenNet,2024-05-24,23
SenNet,2024-05-23,7
SenNet,2024-05-22,50
SenNet,2024-05-21,84
SenNet,2024-05-20,203
SenNet,2024-05-19,2
SenNet,2024-05-18,42
SenNet,2024-05-17,9
SenNet,2024-05-16,106
SenNet,2024-05-15,29
SenNet,2024-05-14,20
SenNet,2024-05-13,62
SenNet,2024-05-12,2
SenNet,2024-05-10,13
SenNet,2024-05-09,74
SenNet,2024-05-08,49
SenNet,2024-05-07,1
SenNet,2024-05-06,2
SenNet,2024-05-04,1
SenNet,2024-05-03,3
SenNet,2024-05-02,37
SenNet,2024-05-01,37
SenNet,2024-04-29,48
SenNet,2024-04-28,1
SenNet,2024-04-27,6
SenNet,2024-04-26,50
SenNet,2024-04-25,713
SenNet,2024-04-24,2
SenNet,2024-04-23,166
SenNet,2024-04-22,120
SenNet,2024-04-21,2
SenNet,2024-04-20,1
SenNet,2024-04-19,50
SenNet,2024-04-18,81
SenNet,2024-04-17,1
SenNet,2024-04-15,5
SenNet,2024-04-14,1
SenNet,2024-04-13,1
SenNet,2024-04-12,111
SenNet,2024-04-11,2
SenNet,2024-04-10,4
SenNet,2024-04-09,35
SenNet,2024-04-08,2
SenNet,2024-04-07,1
SenNet,2024-04-06,1
SenNet,2024-04-05,1
SenNet,2024-04-03,165
SenNet,2024-04-02,1
SenNet,2024-04-01,3
SenNet,2024-03-31,1
SenNet,2024-03-30,45
SenNet,2024-03-29,48
SenNet,2024-03-28,4
SenNet,2024-03-27,40
SenNet,2024-03-26,7
SenNet,2024-03-25,116
SenNet,2024-03-24,4
SenNet,2024-03-22,342
SenNet,2024-03-21,46
SenNet,2024-03-20,86
SenNet,2024-03-19,94
SenNet,2024-03-18,116
SenNet,2024-03-15,4
SenNet,2024-03-14,5
SenNet,2024-03-13,132
SenNet,2024-03-12,9
SenNet,2024-03-11,110
SenNet,2024-03-10,1
SenNet,2024-03-08,52
SenNet,2024-03-07,26
SenNet,2024-03-06,3
SenNet,2024-03-05,135
SenNet,2024-03-04,151
SenNet,2024-03-03,1
SenNet,2024-03-02,1
SenNet,2024-03-01,148
SenNet,2024-02-29,341
SenNet,2024-02-28,5
SenNet,2024-02-27,47
SenNet,2024-02-26,2
SenNet,2024-02-25,1
SenNet,2024-02-23,1
SenNet,2024-02-22,48
SenNet,2024-02-21,4
SenNet,2024-02-20,214
SenNet,2024-02-19,4
SenNet,2024-02-17,1
SenNet,2024-02-16,103
SenNet,2024-02-15,1
SenNet,2024-02-14,76
SenNet,2024-02-13,3
SenNet,2024-02-12,48
SenNet,2024-02-10,2
SenNet,2024-02-09,1
SenNet,2024-02-08,48
SenNet,2024-02-07,117
SenNet,2024-02-06,80
SenNet,2024-02-05,4
SenNet,2024-02-03,1
SenNet,2024-02-02,42
SenNet,2024-01-31,2
SenNet,2024-01-30,7
SenNet,2024-01-29,4
SenNet,2024-01-28,12
SenNet,2024-01-27,1
SenNet,2024-01-25,28
SenNet,2024-01-24,3
SenNet,2024-01-23,43
SenNet,2024-01-22,3
SenNet,2024-01-21,3
SenNet,2024-01-19,46
SenNet,2024-01-18,227
SenNet,2024-01-17,48
SenNet,2024-01-16,1
SenNet,2024-01-14,2
SenNet,2024-01-11,75
SenNet,2024-01-10,11
SenNet,2024-01-09,65
SenNet,2024-01-08,3
SenNet,2024-01-07,1
SenNet,2024-01-05,1
SenNet,2024-01-03,1
SenNet,2024-01-02,1
SenNet,2023-12-30,1
SenNet,2023-12-29,74
SenNet,2023-12-27,31
SenNet,2023-12-26,59
SenNet,2023-12-25,1
SenNet,2023-12-24,1
SenNet,2023-12-22,1
SenNet,2023-12-20,5
SenNet,2023-12-19,119
SenNet,2023-12-18,43
SenNet,2023-12-17,76
SenNet,2023-12-15,540
SenNet,2023-12-14,470
SenNet,2023-12-13,255
SenNet,2023-12-12,16
SenNet,2023-12-11,124
SenNet,2023-12-08,517
SenNet,2023-12-07,2
SenNet,2023-12-06,53
SenNet,2023-12-05,37
SenNet,2023-12-04,201
SenNet,2023-12-01,615
SenNet,2023-11-29,5
SenNet,2023-11-27,13
SenNet,2023-11-21,1
SenNet,2023-10-31,1
SenNet,2023-10-27,1
SenNet,2023-10-16,1
SenNet,2023-10-12,2
SenNet,2023-10-02,2
SenNet,2023-09-29,1
SenNet,2023-09-26,1
SenNet,2023-09-25,2
SenNet,2023-09-22,2
SenNet,2023-09-20,1
SenNet,2023-09-19,5
SenNet,2023-09-15,2
SenNet,2023-09-14,1
SenNet,2023-09-12,2
SenNet,2023-09-07,1
SenNet,2023-09-06,2
SenNet,2023-08-16,2
SenNet,2023-07-28,2
SenNet,2023-07-27,1
SenNet,2023-07-25,2
SenNet,2023-07-12,7
SenNet,2023-06-21,1
GUDMAP,2024-07-22,1
GUDMAP,2024-07-19,21
GUDMAP,2024-05-29,4
GUDMAP,2024-05-21,2
GUDMAP,2024-05-15,1
GUDMAP,2024-05-07,2
GUDMAP,2024-02-20,1
GUDMAP,2024-01-31,1
GUDMAP,2023-11-28,57
GUDMAP,2023-11-16,8
GUDMAP,2023-11-15,22
GUDMAP,2023-11-10,1
GUDMAP,2023-11-09,2
GUDMAP,2023-10-19,4
GUDMAP,2023-10-04,1
GUDMAP,2023-09-29,2
GUDMAP,2023-09-27,2
GUDMAP,2023-09-25,2
GUDMAP,2023-09-19,14
GUDMAP,2023-09-18,52
GUDMAP,2023-09-14,2
GUDMAP,2023-09-08,40
GUDMAP,2023-09-07,4
GUDMAP,2023-09-06,5
GUDMAP,2023-09-05,3
GUDMAP,2023-09-01,3
GUDMAP,2023-08-31,4
GUDMAP,2023-08-30,44
GUDMAP,2023-08-29,34
GUDMAP,2023-08-28,20
GUDMAP,2023-08-16,6
GTEx,2025-08-07,2327
GTEx,2025-08-06,2518
GTEx,2025-08-05,2670
GTEx,2025-08-04,2591
GTEx,2025-08-03,1426
GTEx,2025-08-02,1113
GTEx,2025-08-01,3314
GTEx,2025-07-31,3444
GTEx,2025-07-30,2937
GTEx,2025-07-29,4063
GTEx,2025-07-28,3542
GTEx,2025-07-27,3958
GTEx,2025-07-26,3797
GTEx,2025-07-25,3703
GTEx,2025-07-24,3889
GTEx,2025-07-23,4717
GTEx,2025-07-22,7219
GTEx,2025-07-21,4820
GTEx,2025-07-20,4133
GTEx,2025-07-19,6216
GTEx,2025-07-18,3169
GTEx,2025-07-17,2984
GTEx,2025-07-16,2481
GTEx,2025-07-15,3106
GTEx,2025-07-14,2287
GTEx,2025-07-13,1129
GTEx,2025-07-12,4433
GTEx,2025-07-11,26401
GTEx,2025-07-10,4650
GTEx,2025-07-09,5206
GTEx,2025-07-08,3693
GTEx,2025-07-07,3717
GTEx,2025-07-06,2629
GTEx,2025-07-05,7262
GTEx,2025-07-04,5040
GTEx,2025-07-03,3784
GTEx,2025-07-02,4986
GTEx,2025-07-01,13802
GTEx,2025-06-30,9738
GTEx,2025-06-29,48684
GTEx,2025-06-28,58572
GTEx,2025-06-27,6092
GTEx,2025-06-26,12031
GTEx,2025-06-25,15643
GTEx,2025-06-24,19875
GTEx,2025-06-23,19921
GTEx,2025-06-22,24815
GTEx,2025-06-21,18415
GTEx,2025-06-20,19341
GTEx,2025-06-19,14560
GTEx,2025-06-18,7775
GTEx,2025-06-17,9010
GTEx,2025-06-16,13408
GTEx,2025-06-15,12895
GTEx,2025-06-14,6113
GTEx,2025-06-13,6536
GTEx,2025-06-12,6142
GTEx,2025-06-11,4208
GTEx,2025-06-10,3538
GTEx,2025-06-09,5512
GTEx,2025-06-08,5229
GTEx,2025-06-07,1006
GTEx,2025-06-06,2221
GTEx,2025-06-05,2566
GTEx,2025-06-04,2431
GTEx,2025-06-03,2243
GTEx,2025-06-02,2139
GTEx,2025-06-01,910
GTEx,2025-05-31,859
GTEx,2025-05-30,2529
GTEx,2025-05-29,3378
GTEx,2025-05-28,3286
GTEx,2025-05-27,5247
GTEx,2025-05-26,3145
GTEx,2025-05-25,1045
GTEx,2025-05-24,979
GTEx,2025-05-23,2541
GTEx,2025-05-22,3336
GTEx,2025-05-21,3171
GTEx,2025-05-20,2444
GTEx,2025-05-19,2311
GTEx,2025-05-18,888
GTEx,2025-05-17,845
GTEx,2025-05-16,2505
GTEx,2025-05-15,2872
GTEx,2025-05-14,2966
GTEx,2025-05-13,3184
GTEx,2025-05-12,3032
GTEx,2025-05-11,1089
GTEx,2025-05-10,1232
GTEx,2025-05-09,2656
GTEx,2025-05-08,3151
GTEx,2025-05-07,2865
GTEx,2025-05-06,2567
GTEx,2025-05-05,2295
GTEx,2025-05-04,1196
GTEx,2025-05-03,1010
GTEx,2025-05-02,1954
GTEx,2025-05-01,1878
GTEx,2025-04-30,2858
GTEx,2025-04-29,3085
GTEx,2025-04-28,3225
GTEx,2025-04-27,1799
GTEx,2025-04-26,1037
GTEx,2025-04-25,2939
GTEx,2025-04-24,3221
GTEx,2025-04-23,3392
GTEx,2025-04-22,3135
GTEx,2025-04-21,2344
GTEx,2025-04-20,1506
GTEx,2025-04-19,1455
GTEx,2025-04-18,2220
GTEx,2025-04-17,3147
GTEx,2025-04-16,3490
GTEx,2025-04-15,3496
GTEx,2025-04-14,3586
GTEx,2025-04-13,1429
GTEx,2025-04-12,1323
GTEx,2025-04-11,3193
GTEx,2025-04-10,3444
GTEx,2025-04-09,3635
GTEx,2025-04-08,3890
GTEx,2025-04-07,3750
GTEx,2025-04-06,1506
GTEx,2025-04-05,1276
GTEx,2025-04-04,2647
GTEx,2025-04-03,3250
GTEx,2025-04-02,4264
GTEx,2025-04-01,3652
GTEx,2025-03-31,3272
GTEx,2025-03-30,1195
GTEx,2025-03-29,1312
GTEx,2025-03-28,3193
GTEx,2025-03-27,3393
GTEx,2025-03-26,3334
GTEx,2025-03-25,2818
GTEx,2025-03-24,2557
GTEx,2025-03-23,925
GTEx,2025-03-22,990
GTEx,2025-03-21,2081
GTEx,2025-03-20,2179
GTEx,2025-03-19,2514
GTEx,2025-03-18,2566
GTEx,2025-03-17,2587
GTEx,2025-03-16,1079
GTEx,2025-03-15,1517
GTEx,2025-03-14,3658
GTEx,2025-03-13,3395
GTEx,2025-03-12,3624
GTEx,2025-03-11,3585
GTEx,2025-03-10,3369
GTEx,2025-03-09,1346
GTEx,2025-03-08,1075
GTEx,2025-03-07,2765
GTEx,2025-03-06,2964
GTEx,2025-03-05,3102
GTEx,2025-03-04,3322
GTEx,2025-03-03,3276
GTEx,2025-03-02,1092
GTEx,2025-03-01,1089
GTEx,2025-02-28,3000
GTEx,2025-02-27,3420
GTEx,2025-02-26,3547
GTEx,2025-02-25,3263
GTEx,2025-02-24,2934
GTEx,2025-02-23,1295
GTEx,2025-02-22,6224
GTEx,2025-02-21,3444
GTEx,2025-02-20,3357
GTEx,2025-02-19,2945
GTEx,2025-02-18,2800
GTEx,2025-02-17,2059
GTEx,2025-02-16,957
GTEx,2025-02-15,1011
GTEx,2025-02-14,2339
GTEx,2025-02-13,3969
GTEx,2025-02-12,3465
GTEx,2025-02-11,2924
GTEx,2025-02-10,2907
GTEx,2025-02-09,1137
GTEx,2025-02-08,1208
GTEx,2025-02-07,2501
GTEx,2025-02-06,2978
GTEx,2025-02-05,3287
GTEx,2025-02-04,2898
GTEx,2025-02-03,3013
GTEx,2025-02-02,1006
GTEx,2025-02-01,1135
GTEx,2025-01-31,2346
GTEx,2025-01-30,2468
GTEx,2025-01-29,2667
GTEx,2025-01-28,2666
GTEx,2025-01-27,2397
GTEx,2025-01-26,1247
GTEx,2025-01-25,997
GTEx,2025-01-24,2799
GTEx,2025-01-23,2924
GTEx,2025-01-22,2830
GTEx,2025-01-21,2433
GTEx,2025-01-20,2377
GTEx,2025-01-19,1220
GTEx,2025-01-18,1271
GTEx,2025-01-17,2998
GTEx,2025-01-16,3142
GTEx,2025-01-15,3365
GTEx,2025-01-14,2721
GTEx,2025-01-13,2889
GTEx,2025-01-12,963
GTEx,2025-01-11,1032
GTEx,2025-01-10,2951
GTEx,2025-01-09,3127
GTEx,2025-01-08,3200
GTEx,2025-01-07,2635
GTEx,2025-01-06,1905
GTEx,2025-01-05,910
GTEx,2025-01-04,653
GTEx,2025-01-03,1811
GTEx,2025-01-02,1480
GTEx,2025-01-01,623
GTEx,2024-12-31,1000
GTEx,2024-12-30,1341
GTEx,2024-12-29,619
GTEx,2024-12-28,771
GTEx,2024-12-27,1570
GTEx,2024-12-26,1477
GTEx,2024-12-25,1097
GTEx,2024-12-24,1379
GTEx,2024-12-23,1703
GTEx,2024-12-22,1183
GTEx,2024-12-21,1376
GTEx,2024-12-20,2526
GTEx,2024-12-19,3334
GTEx,2024-12-18,3668
GTEx,2024-12-17,3306
GTEx,2024-12-16,3103
GTEx,2024-12-15,1343
GTEx,2024-12-14,9949
GTEx,2024-12-13,2846
GTEx,2024-12-12,4033
GTEx,2024-12-11,6551
GTEx,2024-12-10,6729
GTEx,2024-12-09,6897
GTEx,2024-12-08,1501
GTEx,2024-12-07,1394
GTEx,2024-12-06,2976
GTEx,2024-12-05,3690
GTEx,2024-12-04,4374
GTEx,2024-12-03,4250
GTEx,2024-12-02,3581
GTEx,2024-12-01,1414
GTEx,2024-11-30,1002
GTEx,2024-11-29,1968
GTEx,2024-11-28,2419
GTEx,2024-11-27,2586
GTEx,2024-11-26,3573
GTEx,2024-11-25,3345
GTEx,2024-11-24,1384
GTEx,2024-11-23,1407
GTEx,2024-11-22,3218
GTEx,2024-11-21,3590
GTEx,2024-11-20,3453
GTEx,2024-11-19,3755
GTEx,2024-11-18,3296
GTEx,2024-11-17,1282
GTEx,2024-11-16,1055
GTEx,2024-11-15,2878
GTEx,2024-11-14,2873
GTEx,2024-11-13,3078
GTEx,2024-11-12,3282
GTEx,2024-11-11,2927
GTEx,2024-11-10,1379
GTEx,2024-11-09,3709
GTEx,2024-11-08,3521
GTEx,2024-11-07,2778
GTEx,2024-11-06,3391
GTEx,2024-11-05,2774
GTEx,2024-11-04,2568
GTEx,2024-11-03,1063
GTEx,2024-11-02,905
GTEx,2024-11-01,1957
GTEx,2024-10-31,4948
GTEx,2024-10-30,3972
GTEx,2024-10-29,3628
GTEx,2024-10-28,3829
GTEx,2024-10-27,2033
GTEx,2024-10-26,1700
GTEx,2024-10-25,2726
GTEx,2024-10-24,2296
GTEx,2024-10-23,2407
GTEx,2024-10-22,2813
GTEx,2024-10-21,2831
GTEx,2024-10-20,1316
GTEx,2024-10-19,1122
GTEx,2024-10-18,2176
GTEx,2024-10-17,2755
GTEx,2024-10-16,2918
GTEx,2024-10-15,2549
GTEx,2024-10-14,2388
GTEx,2024-10-13,923
GTEx,2024-10-12,1084
GTEx,2024-10-11,2402
GTEx,2024-10-10,2873
GTEx,2024-10-09,2999
GTEx,2024-10-08,3111
GTEx,2024-10-07,2714
GTEx,2024-10-06,1181
GTEx,2024-10-05,1127
GTEx,2024-10-04,2893
GTEx,2024-10-03,2440
GTEx,2024-10-02,2792
GTEx,2024-10-01,2729
GTEx,2024-09-30,2764
GTEx,2024-09-29,1334
GTEx,2024-09-28,1350
GTEx,2024-09-27,3276
GTEx,2024-09-26,2598
GTEx,2024-09-25,2593
GTEx,2024-09-24,2860
GTEx,2024-09-23,2968
GTEx,2024-09-22,1214
GTEx,2024-09-21,1170
GTEx,2024-09-20,2966
GTEx,2024-09-19,3076
GTEx,2024-09-18,3038
GTEx,2024-09-17,2552
GTEx,2024-09-16,2112
GTEx,2024-09-15,1013
GTEx,2024-09-14,1198
GTEx,2024-09-13,2881
GTEx,2024-09-12,2798
GTEx,2024-09-11,3217
GTEx,2024-09-10,2588
GTEx,2024-09-09,3171
GTEx,2024-09-08,1333
GTEx,2024-09-07,1280
GTEx,2024-09-06,2605
GTEx,2024-09-05,2813
GTEx,2024-09-04,3137
GTEx,2024-09-03,3083
GTEx,2024-09-02,2596
GTEx,2024-09-01,1413
GTEx,2024-08-31,1191
GTEx,2024-08-30,2369
GTEx,2024-08-29,2843
GTEx,2024-08-28,3217
GTEx,2024-08-27,3377
GTEx,2024-08-26,1111
GTEx,2024-08-25,43
GTEx,2024-08-24,49
GTEx,2024-08-23,83
GTEx,2024-08-22,307
GTEx,2024-08-21,58
GTEx,2024-08-20,70
GTEx,2024-08-19,49
GTEx,2024-08-18,29
GTEx,2024-08-17,2
GTEx,2024-08-16,66
GTEx,2024-08-15,36
GTEx,2024-08-14,5
GTEx,2024-08-13,91
GTEx,2024-08-12,26
GTEx,2024-08-11,12
GTEx,2024-08-10,1
GTEx,2024-08-09,60
GTEx,2024-08-08,52
GTEx,2024-08-07,65
GTEx,2024-08-06,16
GTEx,2024-08-05,24
GTEx,2024-08-04,37
GTEx,2024-08-03,25
GTEx,2024-08-02,29
GTEx,2024-08-01,48
GTEx,2024-07-31,73
GTEx,2024-07-30,86
GTEx,2024-07-29,42
GTEx,2024-07-28,14
GTEx,2024-07-27,5
GTEx,2024-07-26,51
GTEx,2024-07-25,59
GTEx,2024-07-24,55
GTEx,2024-07-23,68
GTEx,2024-07-22,73
GTEx,2024-07-20,40
GTEx,2024-07-19,84
GTEx,2024-07-18,38
GTEx,2024-07-17,72
GTEx,2024-07-16,51
GTEx,2024-07-15,95
GTEx,2024-07-14,25
GTEx,2024-07-13,15
GTEx,2024-07-12,51
GTEx,2024-07-11,74
GTEx,2024-07-10,44
GTEx,2024-07-09,64
GTEx,2024-07-08,30
GTEx,2024-07-07,32
GTEx,2024-07-06,4
GTEx,2024-07-05,57
GTEx,2024-07-04,44
GTEx,2024-07-03,21
GTEx,2024-07-02,59
GTEx,2024-07-01,44
GTEx,2024-06-30,5
GTEx,2024-06-29,21
GTEx,2024-06-28,57
GTEx,2024-06-27,46
GTEx,2024-06-26,102
GTEx,2024-06-25,37
GTEx,2024-06-24,55
GTEx,2024-06-23,3
GTEx,2024-06-22,43
GTEx,2024-06-21,100
GTEx,2024-06-20,51
GTEx,2024-06-19,88
GTEx,2024-06-18,79
GTEx,2024-06-17,80
GTEx,2024-06-16,7
GTEx,2024-06-15,13
GTEx,2024-06-14,37
GTEx,2024-06-13,67
GTEx,2024-06-12,99
GTEx,2024-06-11,43
GTEx,2024-06-10,85
GTEx,2024-06-09,27
GTEx,2024-06-08,12
GTEx,2024-06-07,25
GTEx,2024-06-06,35
GTEx,2024-06-05,99
GTEx,2024-06-04,86
GTEx,2024-06-03,65
GTEx,2024-06-02,4
GTEx,2024-06-01,1
GTEx,2024-05-31,118
GTEx,2024-05-30,3
GTEx,2024-05-29,103
GTEx,2024-05-28,103
GTEx,2024-05-27,80
GTEx,2024-05-26,31
GTEx,2024-05-25,41
GTEx,2024-05-24,54
GTEx,2024-05-23,69
GTEx,2024-05-22,62
GTEx,2024-05-21,81
GTEx,2024-05-20,78
GTEx,2024-05-19,31
GTEx,2024-05-18,18
GTEx,2024-05-17,28
GTEx,2024-05-16,39
GTEx,2024-05-15,125
GTEx,2024-05-14,37
GTEx,2024-05-13,157
GTEx,2024-05-12,1
GTEx,2024-05-11,46
GTEx,2024-05-10,113
GTEx,2024-05-09,81
GTEx,2024-05-08,71
GTEx,2024-05-07,10
GTEx,2024-05-06,57
GTEx,2024-05-05,25
GTEx,2024-05-04,23
GTEx,2024-05-03,57
GTEx,2024-05-02,30
GTEx,2024-05-01,62
GTEx,2024-04-30,49
GTEx,2024-04-29,78
GTEx,2024-04-28,22
GTEx,2024-04-27,32
GTEx,2024-04-26,16
GTEx,2024-04-25,63
GTEx,2024-04-24,26
GTEx,2024-04-23,48
GTEx,2024-04-22,20
GTEx,2024-04-21,17
GTEx,2024-04-20,1
GTEx,2024-04-19,80
GTEx,2024-04-18,60
GTEx,2024-04-17,33
GTEx,2024-04-16,48
GTEx,2024-04-15,93
GTEx,2024-04-14,3
GTEx,2024-04-13,39
GTEx,2024-04-12,89
GTEx,2024-04-11,114
GTEx,2024-04-10,51
GTEx,2024-04-09,56
GTEx,2024-04-08,93
GTEx,2024-04-07,46
GTEx,2024-04-06,3
GTEx,2024-04-05,30
GTEx,2024-04-04,51
GTEx,2024-04-03,104
GTEx,2024-04-02,39
GTEx,2024-04-01,45
GTEx,2024-03-31,29
GTEx,2024-03-30,74
GTEx,2024-03-29,22
GTEx,2024-03-28,119
GTEx,2024-03-27,73
GTEx,2024-03-26,61
GTEx,2024-03-25,82
GTEx,2024-03-24,28
GTEx,2024-03-23,28
GTEx,2024-03-22,115
GTEx,2024-03-21,80
GTEx,2024-03-20,94
GTEx,2024-03-19,95
GTEx,2024-03-18,35
GTEx,2024-03-17,40
GTEx,2024-03-16,56
GTEx,2024-03-15,109
GTEx,2024-03-14,42
GTEx,2024-03-13,36
GTEx,2024-03-12,53
GTEx,2024-03-11,38
GTEx,2024-03-10,19
GTEx,2024-03-09,24
GTEx,2024-03-08,81
GTEx,2024-03-07,100
GTEx,2024-03-06,50
GTEx,2024-03-05,11
GTEx,2024-03-04,13
GTEx,2024-03-03,14
GTEx,2024-03-02,23
GTEx,2024-03-01,38
GTEx,2024-02-29,24
GTEx,2024-02-28,22
GTEx,2024-02-27,106
GTEx,2024-02-26,18
GTEx,2024-02-25,18
GTEx,2024-02-24,49
GTEx,2024-02-23,30
GTEx,2024-02-22,80
GTEx,2024-02-21,78
GTEx,2024-02-20,51
GTEx,2024-02-19,26
GTEx,2024-02-18,14
GTEx,2024-02-17,12
GTEx,2024-02-16,11
GTEx,2024-02-15,40
GTEx,2024-02-14,45
GTEx,2024-02-13,65
GTEx,2024-02-12,30
GTEx,2024-02-11,4
GTEx,2024-02-10,17
GTEx,2024-02-09,59
GTEx,2024-02-08,88
GTEx,2024-02-07,19
GTEx,2024-02-06,86
GTEx,2024-02-05,52
GTEx,2024-02-04,24
GTEx,2024-02-03,3
GTEx,2024-02-02,33
GTEx,2024-02-01,48
GTEx,2024-01-31,45
GTEx,2024-01-30,68
GTEx,2024-01-29,46
GTEx,2024-01-28,27
GTEx,2024-01-27,40
GTEx,2024-01-26,47
GTEx,2024-01-25,32
GTEx,2024-01-24,60
GTEx,2024-01-23,69
GTEx,2024-01-22,29
GTEx,2024-01-21,18
GTEx,2024-01-19,54
GTEx,2024-01-18,140
GTEx,2024-01-17,101
GTEx,2024-01-16,28
GTEx,2024-01-15,67
GTEx,2024-01-14,24
GTEx,2024-01-12,19
GTEx,2024-01-11,35
GTEx,2024-01-10,38
GTEx,2024-01-09,63
GTEx,2024-01-08,20
GTEx,2024-01-07,27
GTEx,2024-01-06,16
GTEx,2024-01-05,26
GTEx,2024-01-04,34
GTEx,2024-01-03,59
GTEx,2024-01-02,49
GTEx,2024-01-01,3
GTEx,2023-12-30,3
GTEx,2023-12-29,1
GTEx,2023-12-28,20
GTEx,2023-12-27,41
GTEx,2023-12-26,9
GTEx,2023-12-25,15
GTEx,2023-12-24,2
GTEx,2023-12-23,2
GTEx,2023-12-22,48
GTEx,2023-12-21,39
GTEx,2023-12-20,48
GTEx,2023-12-19,25
GTEx,2023-12-18,22
GTEx,2023-12-15,13
GTEx,2023-12-14,37
GTEx,2023-12-13,32
GTEx,2023-12-12,35
GTEx,2023-12-11,57
GTEx,2023-12-09,1
GTEx,2023-12-08,20
GTEx,2023-12-07,51
GTEx,2023-12-06,45
GTEx,2023-12-05,59
GTEx,2023-12-04,80
GTEx,2023-12-03,40
GTEx,2023-12-01,12
GTEx,2023-11-30,83
GTEx,2023-11-29,24
GTEx,2023-11-28,49
GTEx,2023-11-27,33
GTEx,2023-11-26,1
GTEx,2023-11-24,37
GTEx,2023-11-23,27
GTEx,2023-11-22,10
GTEx,2023-11-21,62
GTEx,2023-11-20,21
GTEx,2023-11-19,35
GTEx,2023-11-18,40
GTEx,2023-11-17,19
GTEx,2023-11-16,16
GTEx,2023-11-15,41
GTEx,2023-11-14,19
GTEx,2023-11-13,30
GTEx,2023-11-12,52
GTEx,2023-11-11,42
GTEx,2023-11-10,18
GTEx,2023-11-09,62
GTEx,2023-11-07,64
GTEx,2023-11-06,32
GTEx,2023-11-05,11
GTEx,2023-11-04,10
GTEx,2023-11-03,36
GTEx,2023-11-02,56
GTEx,2023-11-01,12
GTEx,2023-10-31,53
GTEx,2023-10-30,25
GTEx,2023-10-29,11
GTEx,2023-10-28,20
GTEx,2023-10-27,78
GTEx,2023-10-26,24
GTEx,2023-10-25,41
GTEx,2023-10-24,51
GTEx,2023-10-23,21
GTEx,2023-10-22,2
GTEx,2023-10-21,10
GTEx,2023-10-20,15
GTEx,2023-10-19,60
GTEx,2023-10-18,47
GTEx,2023-10-17,55
GTEx,2023-10-16,20
GTEx,2023-10-13,44
GTEx,2023-10-12,30
GTEx,2023-10-11,51
GTEx,2023-10-10,139
GTEx,2023-10-09,20
GTEx,2023-10-08,67
GTEx,2023-10-07,12
GTEx,2023-10-06,30
GTEx,2023-10-05,40
GTEx,2023-10-04,30
GTEx,2023-10-03,40
GTEx,2023-10-02,57
GTEx,2023-10-01,10
GTEx,2023-09-30,20
GTEx,2023-09-29,10
GTEx,2023-09-28,23
GTEx,2023-09-27,33
GTEx,2023-09-26,22
GTEx,2023-09-25,32
GTEx,2023-09-24,11
GTEx,2023-09-22,21
GTEx,2023-09-21,29
GTEx,2023-09-20,32
GTEx,2023-09-19,32
GTEx,2023-09-18,31
GTEx,2023-09-16,11
GTEx,2023-09-15,57
GTEx,2023-09-14,41
GTEx,2023-09-12,20
GTEx,2023-09-11,87
GTEx,2023-09-09,20
GTEx,2023-09-08,12
GTEx,2023-09-07,21
GTEx,2023-09-06,21
GTEx,2023-09-05,51
GTEx,2023-09-03,10
GTEx,2023-09-02,10
GTEx,2023-09-01,30
GTEx,2023-08-31,20
GTEx,2023-08-30,51
GTEx,2023-08-29,53
GTEx,2023-08-28,22
GTEx,2023-08-26,11
GTEx,2023-08-25,20
GTEx,2023-08-24,20
GTEx,2023-08-23,43
GTEx,2023-08-22,10
GTEx,2023-08-18,64
GTEx,2023-08-16,10
GTEx,2023-08-15,23
GTEx,2023-08-14,10
GTEx,2023-08-13,10
GTEx,2023-08-11,34
GTEx,2023-08-09,20
GTEx,2023-08-08,68
GTEx,2023-08-07,41
GTEx,2023-08-04,10
GTEx,2023-08-03,20
GTEx,2023-08-02,20
GTEx,2023-07-31,41
GTEx,2023-07-30,10
GTEx,2023-07-29,33
GTEx,2023-07-28,20
GTEx,2023-07-27,70
GTEx,2023-07-26,36
GTEx,2023-07-25,30
GTEx,2023-07-24,10
GTEx,2023-07-22,10
GTEx,2023-07-21,10
GTEx,2023-07-20,30
GTEx,2023-07-19,30
GTEx,2023-07-18,22
GTEx,2023-07-17,10
GTEx,2023-07-16,20
GTEx,2023-07-14,10
GTEx,2023-07-12,10
GTEx,2023-07-11,30
GTEx,2023-07-10,20
GTEx,2023-07-09,30
GTEx,2023-07-08,21
GTEx,2023-07-07,10
GTEx,2023-07-06,32
GTEx,2023-07-05,30
GTEx,2023-07-04,30
GTEx,2023-07-03,30
GTEx,2023-07-02,22
GTEx,2023-06-30,30
GTEx,2023-06-29,10
GTEx,2023-06-28,30
GTEx,2023-06-27,22
GTEx,2023-06-26,11
GTEx,2023-06-25,10
GTEx,2023-06-23,10
GTEx,2023-06-22,13
GTEx,2023-06-21,35
GTEx,2023-06-20,37
GTEx,2023-06-19,20
GTEx,2023-06-18,10
GTEx,2023-06-17,27
GTEx,2023-06-16,20
GTEx,2023-06-15,55
GTEx,2023-06-14,40
GTEx,2023-06-13,32
GTEx,2023-06-12,10
GTEx,2023-06-11,32
GTEx,2023-06-10,21
GTEx,2023-06-09,41
GTEx,2023-06-08,32
GTEx,2023-06-07,10
GTEx,2023-06-06,32
OntoBee,2025-07-09,1
OntoBee,2025-06-19,1
OntoBee,2025-06-06,1
OntoBee,2025-05-28,1
OntoBee,2025-04-10,1
OntoBee,2024-08-14,1
OntoBee,2024-07-24,1
OntoBee,2024-04-17,1
OntoBee,2024-03-09,1
OntoBee,2024-02-28,1
OntoBee,2024-02-19,1
OntoBee,2024-01-23,1
OntoBee,2023-12-17,2
OntoBee,2023-10-02,1
OntoBee,2023-08-09,2
EBI,2025-08-07,192
EBI,2025-08-06,157
EBI,2025-08-05,151
EBI,2025-08-04,166
EBI,2025-08-03,78
EBI,2025-08-02,92
EBI,2025-08-01,211
EBI,2025-07-31,178
EBI,2025-07-30,204
EBI,2025-07-29,148
EBI,2025-07-28,146
EBI,2025-07-27,86
EBI,2025-07-26,58
EBI,2025-07-25,151
EBI,2025-07-24,127
EBI,2025-07-23,183
EBI,2025-07-22,143
EBI,2025-07-21,153
EBI,2025-07-20,71
EBI,2025-07-19,68
EBI,2025-07-18,152
EBI,2025-07-17,150
EBI,2025-07-16,191
EBI,2025-07-15,172
EBI,2025-07-14,161
EBI,2025-07-13,101
EBI,2025-07-12,93
EBI,2025-07-11,185
EBI,2025-07-10,163
EBI,2025-07-09,142
EBI,2025-07-08,174
EBI,2025-07-07,155
EBI,2025-07-06,50
EBI,2025-07-05,56
EBI,2025-07-04,103
EBI,2025-07-03,107
EBI,2025-07-02,139
EBI,2025-07-01,133
EBI,2025-06-30,179
EBI,2025-06-29,68
EBI,2025-06-28,83
EBI,2025-06-27,184
EBI,2025-06-26,188
EBI,2025-06-25,154
EBI,2025-06-24,146
EBI,2025-06-23,123
EBI,2025-06-22,54
EBI,2025-06-21,37
EBI,2025-06-20,90
EBI,2025-06-19,107
EBI,2025-06-18,136
EBI,2025-06-17,113
EBI,2025-06-16,100
EBI,2025-06-15,41
EBI,2025-06-14,40
EBI,2025-06-13,131
EBI,2025-06-12,105
EBI,2025-06-11,110
EBI,2025-06-10,103
EBI,2025-06-09,72
EBI,2025-06-08,64
EBI,2025-06-07,61
EBI,2025-06-06,84
EBI,2025-06-05,119
EBI,2025-06-04,129
EBI,2025-06-03,69
EBI,2025-06-02,120
EBI,2025-06-01,57
EBI,2025-05-31,87
EBI,2025-05-30,383
EBI,2025-05-29,122
EBI,2025-05-28,141
EBI,2025-05-27,109
EBI,2025-05-26,103
EBI,2025-05-25,81
EBI,2025-05-24,105
EBI,2025-05-23,103
EBI,2025-05-22,140
EBI,2025-05-21,176
EBI,2025-05-20,149
EBI,2025-05-19,138
EBI,2025-05-18,93
EBI,2025-05-17,324
EBI,2025-05-16,112
EBI,2025-05-15,114
EBI,2025-05-14,168
EBI,2025-05-13,152
EBI,2025-05-12,179
EBI,2025-05-11,72
EBI,2025-05-10,51
EBI,2025-05-09,104
EBI,2025-05-08,134
EBI,2025-05-07,139
EBI,2025-05-06,121
EBI,2025-05-05,83
EBI,2025-05-04,86
EBI,2025-05-03,41
EBI,2025-05-02,156
EBI,2025-05-01,637
EBI,2025-04-30,170
EBI,2025-04-29,154
EBI,2025-04-28,179
EBI,2025-04-27,151
EBI,2025-04-26,504
EBI,2025-04-25,211
EBI,2025-04-24,142
EBI,2025-04-23,164
EBI,2025-04-22,158
EBI,2025-04-21,104
EBI,2025-04-20,72
EBI,2025-04-19,59
EBI,2025-04-18,73
EBI,2025-04-17,105
EBI,2025-04-16,146
EBI,2025-04-15,122
EBI,2025-04-14,159
EBI,2025-04-13,76
EBI,2025-04-12,46
EBI,2025-04-11,87
EBI,2025-04-10,157
EBI,2025-04-09,115
EBI,2025-04-08,100
EBI,2025-04-07,90
EBI,2025-04-06,57
EBI,2025-04-05,58
EBI,2025-04-04,137
EBI,2025-04-03,57
EBI,2025-04-02,141
EBI,2025-04-01,138
EBI,2025-03-31,114
EBI,2025-03-30,63
EBI,2025-03-29,69
EBI,2025-03-28,104
EBI,2025-03-27,127
EBI,2025-03-26,141
EBI,2025-03-25,154
EBI,2025-03-24,160
EBI,2025-03-23,98
EBI,2025-03-22,60
EBI,2025-03-21,166
EBI,2025-03-20,106
EBI,2025-03-19,255
EBI,2025-03-18,385
EBI,2025-03-17,142
EBI,2025-03-16,70
EBI,2025-03-15,85
EBI,2025-03-14,112
EBI,2025-03-13,180
EBI,2025-03-12,152
EBI,2025-03-11,138
EBI,2025-03-10,182
EBI,2025-03-09,57
EBI,2025-03-08,88
EBI,2025-03-07,163
EBI,2025-03-06,221
EBI,2025-03-05,175
EBI,2025-03-04,126
EBI,2025-03-03,94
EBI,2025-03-02,136
EBI,2025-03-01,105
EBI,2025-02-28,120
EBI,2025-02-27,54
EBI,2025-02-26,108
EBI,2025-02-25,149
EBI,2025-02-24,95
EBI,2025-02-23,41
EBI,2025-02-22,89
EBI,2025-02-21,156
EBI,2025-02-20,117
EBI,2025-02-19,175
EBI,2025-02-18,125
EBI,2025-02-17,113
EBI,2025-02-16,73
EBI,2025-02-15,94
EBI,2025-02-14,181
EBI,2025-02-13,122
EBI,2025-02-12,133
EBI,2025-02-11,124
EBI,2025-02-10,98
EBI,2025-02-09,98
EBI,2025-02-08,67
EBI,2025-02-07,164
EBI,2025-02-06,122
EBI,2025-02-05,97
EBI,2025-02-04,149
EBI,2025-02-03,92
EBI,2025-02-02,57
EBI,2025-02-01,68
EBI,2025-01-31,134
EBI,2025-01-30,95
EBI,2025-01-29,136
EBI,2025-01-28,129
EBI,2025-01-27,165
EBI,2025-01-26,54
EBI,2025-01-25,90
EBI,2025-01-24,140
EBI,2025-01-23,126
EBI,2025-01-22,144
EBI,2025-01-21,93
EBI,2025-01-20,90
EBI,2025-01-19,49
EBI,2025-01-18,69
EBI,2025-01-17,104
EBI,2025-01-16,121
EBI,2025-01-15,79
EBI,2025-01-14,105
EBI,2025-01-13,88
EBI,2025-01-12,58
EBI,2025-01-11,75
EBI,2025-01-10,114
EBI,2025-01-09,103
EBI,2025-01-08,82
EBI,2025-01-07,94
EBI,2025-01-06,77
EBI,2025-01-05,49
EBI,2025-01-04,71
EBI,2025-01-03,119
EBI,2025-01-02,84
EBI,2025-01-01,50
EBI,2024-12-31,53
EBI,2024-12-30,61
EBI,2024-12-29,37
EBI,2024-12-28,51
EBI,2024-12-27,37
EBI,2024-12-26,59
EBI,2024-12-25,51
EBI,2024-12-24,59
EBI,2024-12-23,99
EBI,2024-12-22,32
EBI,2024-12-21,172
EBI,2024-12-20,135
EBI,2024-12-19,73
EBI,2024-12-18,60
EBI,2024-12-17,83
EBI,2024-12-16,129
EBI,2024-12-15,73
EBI,2024-12-14,62
EBI,2024-12-13,103
EBI,2024-12-12,89
EBI,2024-12-11,121
EBI,2024-12-10,108
EBI,2024-12-09,110
EBI,2024-12-08,46
EBI,2024-12-07,61
EBI,2024-12-06,82
EBI,2024-12-05,150
EBI,2024-12-04,114
EBI,2024-12-03,106
EBI,2024-12-02,130
EBI,2024-12-01,61
EBI,2024-11-30,84
EBI,2024-11-29,43
EBI,2024-11-28,118
EBI,2024-11-27,114
EBI,2024-11-26,116
EBI,2024-11-25,68
EBI,2024-11-24,52
EBI,2024-11-23,88
EBI,2024-11-22,94
EBI,2024-11-21,106
EBI,2024-11-20,133
EBI,2024-11-19,170
EBI,2024-11-18,160
EBI,2024-11-17,67
EBI,2024-11-16,67
EBI,2024-11-15,97
EBI,2024-11-14,139
EBI,2024-11-13,85
EBI,2024-11-12,138
EBI,2024-11-11,108
EBI,2024-11-10,83
EBI,2024-11-09,70
EBI,2024-11-08,146
EBI,2024-11-07,123
EBI,2024-11-06,82
EBI,2024-11-05,98
EBI,2024-11-04,113
EBI,2024-11-03,63
EBI,2024-11-02,66
EBI,2024-11-01,89
EBI,2024-10-31,132
EBI,2024-10-30,147
EBI,2024-10-29,134
EBI,2024-10-28,107
EBI,2024-10-27,60
EBI,2024-10-26,62
EBI,2024-10-25,112
EBI,2024-10-24,106
EBI,2024-10-23,121
EBI,2024-10-22,125
EBI,2024-10-21,110
EBI,2024-10-20,89
EBI,2024-10-19,74
EBI,2024-10-18,102
EBI,2024-10-17,71
EBI,2024-10-16,98
EBI,2024-10-15,136
EBI,2024-10-14,86
EBI,2024-10-13,58
EBI,2024-10-12,52
EBI,2024-10-11,90
EBI,2024-10-10,85
EBI,2024-10-09,112
EBI,2024-10-08,103
EBI,2024-10-07,157
EBI,2024-10-06,123
EBI,2024-10-05,60
EBI,2024-10-04,83
EBI,2024-10-03,83
EBI,2024-10-02,111
EBI,2024-10-01,82
EBI,2024-09-30,115
EBI,2024-09-29,65
EBI,2024-09-28,39
EBI,2024-09-27,91
EBI,2024-09-26,109
EBI,2024-09-25,141
EBI,2024-09-24,108
EBI,2024-09-23,154
EBI,2024-09-22,45
EBI,2024-09-21,60
EBI,2024-09-20,98
EBI,2024-09-19,121
EBI,2024-09-18,93
EBI,2024-09-17,89
EBI,2024-09-16,74
EBI,2024-09-15,74
EBI,2024-09-14,69
EBI,2024-09-13,90
EBI,2024-09-12,118
EBI,2024-09-11,146
EBI,2024-09-10,159
EBI,2024-09-09,133
EBI,2024-09-08,59
EBI,2024-09-07,52
EBI,2024-09-06,139
EBI,2024-09-05,89
EBI,2024-09-04,81
EBI,2024-09-03,107
EBI,2024-09-02,82
EBI,2024-09-01,67
EBI,2024-08-31,49
EBI,2024-08-30,67
EBI,2024-08-29,84
EBI,2024-08-28,106
EBI,2024-08-27,104
EBI,2024-08-26,129
EBI,2024-08-25,53
EBI,2024-08-24,64
EBI,2024-08-23,72
EBI,2024-08-22,75
EBI,2024-08-21,98
EBI,2024-08-20,83
EBI,2024-08-19,120
EBI,2024-08-18,34
EBI,2024-08-17,42
EBI,2024-08-16,94
EBI,2024-08-15,91
EBI,2024-08-14,114
EBI,2024-08-13,156
EBI,2024-08-12,141
EBI,2024-08-11,76
EBI,2024-08-10,105
EBI,2024-08-09,135
EBI,2024-08-08,287
EBI,2024-08-07,249
EBI,2024-08-06,393
EBI,2024-08-05,344
EBI,2024-08-04,184
EBI,2024-08-03,141
EBI,2024-08-02,188
EBI,2024-08-01,207
EBI,2024-07-31,233
EBI,2024-07-30,336
EBI,2024-07-29,208
EBI,2024-07-28,110
EBI,2024-07-27,172
EBI,2024-07-26,251
EBI,2024-07-25,188
EBI,2024-07-24,223
EBI,2024-07-23,306
EBI,2024-07-22,196
EBI,2024-07-21,217
EBI,2024-07-20,159
EBI,2024-07-19,226
EBI,2024-07-18,237
EBI,2024-07-17,293
EBI,2024-07-16,434
EBI,2024-07-15,192
EBI,2024-07-14,60
EBI,2024-07-13,91
EBI,2024-07-12,201
EBI,2024-07-11,345
EBI,2024-07-10,427
EBI,2024-07-09,334
EBI,2024-07-08,318
EBI,2024-07-07,190
EBI,2024-07-06,127
EBI,2024-07-05,264
EBI,2024-07-04,140
EBI,2024-07-03,100
EBI,2024-07-02,167
EBI,2024-07-01,89
EBI,2024-06-30,82
EBI,2024-06-29,73
EBI,2024-06-28,156
EBI,2024-06-27,164
EBI,2024-06-26,127
EBI,2024-06-25,183
EBI,2024-06-24,132
EBI,2024-06-23,86
EBI,2024-06-22,90
EBI,2024-06-21,131
EBI,2024-06-20,127
EBI,2024-06-19,112
EBI,2024-06-18,172
EBI,2024-06-17,160
EBI,2024-06-16,93
EBI,2024-06-15,61
EBI,2024-06-14,138
EBI,2024-06-13,138
EBI,2024-06-12,156
EBI,2024-06-11,122
EBI,2024-06-10,151
EBI,2024-06-09,96
EBI,2024-06-08,82
EBI,2024-06-07,136
EBI,2024-06-06,140
EBI,2024-06-05,182
EBI,2024-06-04,155
EBI,2024-06-03,108
EBI,2024-06-02,62
EBI,2024-06-01,76
EBI,2024-05-31,159
EBI,2024-05-30,121
EBI,2024-05-29,142
EBI,2024-05-28,102
EBI,2024-05-27,141
EBI,2024-05-26,68
EBI,2024-05-25,43
EBI,2024-05-24,129
EBI,2024-05-23,174
EBI,2024-05-22,157
EBI,2024-05-21,164
EBI,2024-05-20,146
EBI,2024-05-19,110
EBI,2024-05-18,77
EBI,2024-05-17,123
EBI,2024-05-16,133
EBI,2024-05-15,138
EBI,2024-05-14,144
EBI,2024-05-13,121
EBI,2024-05-12,55
EBI,2024-05-11,99
EBI,2024-05-10,87
EBI,2024-05-09,129
EBI,2024-05-08,138
EBI,2024-05-07,147
EBI,2024-05-06,132
EBI,2024-05-05,92
EBI,2024-05-04,80
EBI,2024-05-03,85
EBI,2024-05-02,118
EBI,2024-05-01,110
EBI,2024-04-30,141
EBI,2024-04-29,132
EBI,2024-04-28,64
EBI,2024-04-27,125
EBI,2024-04-26,102
EBI,2024-04-25,189
EBI,2024-04-24,119
EBI,2024-04-23,91
EBI,2024-04-22,157
EBI,2024-04-21,83
EBI,2024-04-20,78
EBI,2024-04-19,133
EBI,2024-04-18,159
EBI,2024-04-17,161
EBI,2024-04-16,129
EBI,2024-04-15,123
EBI,2024-04-14,86
EBI,2024-04-13,82
EBI,2024-04-12,130
EBI,2024-04-11,135
EBI,2024-04-10,152
EBI,2024-04-09,185
EBI,2024-04-08,88
EBI,2024-04-07,110
EBI,2024-04-06,121
EBI,2024-04-05,109
EBI,2024-04-04,111
EBI,2024-04-03,127
EBI,2024-04-02,98
EBI,2024-04-01,107
EBI,2024-03-31,44
EBI,2024-03-30,88
EBI,2024-03-29,87
EBI,2024-03-28,133
EBI,2024-03-27,104
EBI,2024-03-26,140
EBI,2024-03-25,173
EBI,2024-03-24,76
EBI,2024-03-23,69
EBI,2024-03-22,156
EBI,2024-03-21,148
EBI,2024-03-20,167
EBI,2024-03-19,109
EBI,2024-03-18,140
EBI,2024-03-17,79
EBI,2024-03-16,92
EBI,2024-03-15,139
EBI,2024-03-14,136
EBI,2024-03-13,110
EBI,2024-03-12,109
EBI,2024-03-11,122
EBI,2024-03-10,84
EBI,2024-03-09,84
EBI,2024-03-08,116
EBI,2024-03-07,103
EBI,2024-03-06,136
EBI,2024-03-05,155
EBI,2024-03-04,127
EBI,2024-03-03,69
EBI,2024-03-02,82
EBI,2024-03-01,149
EBI,2024-02-29,161
EBI,2024-02-28,108
EBI,2024-02-27,115
EBI,2024-02-26,122
EBI,2024-02-25,49
EBI,2024-02-24,72
EBI,2024-02-23,176
EBI,2024-02-22,124
EBI,2024-02-21,117
EBI,2024-02-20,123
EBI,2024-02-19,145
EBI,2024-02-18,53
EBI,2024-02-17,58
EBI,2024-02-16,147
EBI,2024-02-15,137
EBI,2024-02-14,157
EBI,2024-02-13,141
EBI,2024-02-12,148
EBI,2024-02-11,65
EBI,2024-02-10,49
EBI,2024-02-09,141
EBI,2024-02-08,126
EBI,2024-02-07,157
EBI,2024-02-06,125
EBI,2024-02-05,137
EBI,2024-02-04,69
EBI,2024-02-03,51
EBI,2024-02-02,146
EBI,2024-02-01,127
EBI,2024-01-31,145
EBI,2024-01-30,113
EBI,2024-01-29,124
EBI,2024-01-28,74
EBI,2024-01-27,94
EBI,2024-01-26,123
EBI,2024-01-25,156
EBI,2024-01-24,145
EBI,2024-01-23,123
EBI,2024-01-22,134
EBI,2024-01-21,115
EBI,2024-01-20,68
EBI,2024-01-19,169
EBI,2024-01-18,146
EBI,2024-01-17,154
EBI,2024-01-16,181
EBI,2024-01-15,183
EBI,2024-01-14,94
EBI,2024-01-13,63
EBI,2024-01-12,191
EBI,2024-01-11,140
EBI,2024-01-10,183
EBI,2024-01-09,157
EBI,2024-01-08,174
EBI,2024-01-07,71
EBI,2024-01-06,49
EBI,2024-01-05,105
EBI,2024-01-04,133
EBI,2024-01-03,123
EBI,2024-01-02,68
EBI,2024-01-01,82
EBI,2023-12-31,63
EBI,2023-12-30,66
EBI,2023-12-29,86
EBI,2023-12-28,125
EBI,2023-12-27,91
EBI,2023-12-26,88
EBI,2023-12-25,81
EBI,2023-12-24,64
EBI,2023-12-23,50
EBI,2023-12-22,119
EBI,2023-12-21,156
EBI,2023-12-20,98
EBI,2023-12-19,145
EBI,2023-12-18,96
EBI,2023-12-17,64
EBI,2023-12-16,84
EBI,2023-12-15,112
EBI,2023-12-14,234
EBI,2023-12-13,129
EBI,2023-12-12,257
EBI,2023-12-11,133
EBI,2023-12-10,126
EBI,2023-12-09,107
EBI,2023-12-08,161
EBI,2023-12-07,181
EBI,2023-12-06,141
EBI,2023-12-05,194
EBI,2023-12-04,165
EBI,2023-12-03,93
EBI,2023-12-02,139
EBI,2023-12-01,142
EBI,2023-11-30,91
EBI,2023-11-29,241
EBI,2023-11-28,249
EBI,2023-11-27,182
EBI,2023-11-26,73
EBI,2023-11-25,115
EBI,2023-11-24,157
EBI,2023-11-23,188
EBI,2023-11-22,218
EBI,2023-11-21,186
EBI,2023-11-20,157
EBI,2023-11-19,67
EBI,2023-11-18,93
EBI,2023-11-17,125
EBI,2023-11-16,158
EBI,2023-11-15,155
EBI,2023-11-14,148
EBI,2023-11-13,89
EBI,2023-11-12,52
EBI,2023-11-11,40
EBI,2023-11-10,101
EBI,2023-11-09,100
EBI,2023-11-08,116
EBI,2023-11-07,104
EBI,2023-11-06,149
EBI,2023-11-05,53
EBI,2023-11-04,46
EBI,2023-11-03,106
EBI,2023-11-02,165
EBI,2023-11-01,19
EBI,2023-10-31,12
EBI,2023-10-30,2
EBI,2023-10-27,5
EBI,2023-10-24,4
EBI,2023-10-22,2
EBI,2023-10-20,4
EBI,2023-10-19,5
EBI,2023-10-18,4
EBI,2023-10-16,4
EBI,2023-10-13,5
EBI,2023-10-11,2
EBI,2023-10-05,8
EBI,2023-07-03,1